source_pdf,year,s_no,items,unit,weight,Jul,Aug,Sep,Oct,Nov,Dec,Jan,Feb,Mar,Apr,May,Jun,year_total,page,table_index
Table-2-23-24-1.pdf,2023-24,3-Jan,"Sugar, Bakery products and Chocolate & sugar confectionery",MT,3.43,0,0,0,0,220036,2063249,2138327,1873522,467123,3932,29809,0,6795998,1,1
Table-2-23-24-1.pdf,2023-24,2,Bakery products,MT,0,0,0,0,0,0,0,0,0,0,0,0,0,0,1,1
Table-2-23-24-1.pdf,2023-24,3,Chocolate & sugar confectionery,MT,0,0,0,0,0,0,0,0,0,0,0,0,0,0,1,1
Table-2-23-24-1.pdf,2023-24,4,Cooking oil,MT,1.48,51158,52936,51382,51192,53618,55078,52446,53246,54485,54026,55314,56933,641814,1,1
Table-2-23-24-1.pdf,2023-24,5,Vegetable ghee,MT,1.38,122480,123769,121315,129311,128094,126574,128044,125192,121706,117033,125699,122775,1491992,1,1
Table-2-23-24-1.pdf,2023-24,7-Jun,Wheat & Rice Milling,MT,3.66,776407,795932,829598,818268,826295,765238,781138,810578,840726,847256,828185,841654,9761275,1,1
Table-2-23-24-1.pdf,2023-24,9-Aug,Starch & its products,MT,0.27,36851,36767,36979,35841,36723,36972,37062,35752,36407,36578,36607,37612,440151,1,1
Table-2-23-24-1.pdf,2023-24,8,Starch,MT,0,21985,22646,22760,21987,22811,22915,22936,21996,22466,22577,22581,23471,271131,1,1
Table-2-23-24-1.pdf,2023-24,9,Glucose,MT,0,14866,14121,14219,13854,13912,14057,14126,13756,13941,14001,14026,14141,169020,1,1
Table-2-23-24-1.pdf,2023-24,10,Tea blended,MT,0.48,10642,12717,12177,11236,12123,12035,11280,11093,12373,11199,9913,9447,136235,1,1
Table-2-23-24-1.pdf,2023-24,12-Nov,Soft drinks and Mineral waters,000 Litres,1.63,317899,282750,237951,193695,171845,128361,147606,188173,267949.2,268100.4,304348.2,353045.2,2861723,1,1
Table-2-23-24-1.pdf,2023-24,13-15,"Juices, syrups & squashes",000 L,2.21,35442,32665,32228,26443,24242,23305,25462,33389,27005,29231,35994,33434,358840,1,1
Table-2-23-24-1.pdf,2023-24,13,Fruit Juices,000 L,0,26424,22307,22382,17425,14558,12280,13289,21121,18937,20900,27733,26397,243753,1,1
Table-2-23-24-1.pdf,2023-24,14,Syrups & squashes,000 L,0,9018,10358,9846,9018,9684,11025,12173,12268,8068,8331,8261,7037,115087,1,1
Table-2-23-24-1.pdf,2023-24,15,Preserved Milk,000 L,0,0,0,0,0,0,0,0,0,0,0,0,0,0,1,1
Table-2-23-24-1.pdf,2023-24,16,Liquors,000 L,0,79,79,79,79,79,79,79,79.5,79.5,79.5,79.5,79.5,954,1,1
Table-2-23-24-1.pdf,2023-24,17,Cigarettes,Mil. Nos.,2.07,1573,2651,2186,2918,2440,3018,2044,2874,3611,3103,4062,2445,32925,1,1
Table-2-23-24-1.pdf,2023-24,18-19,Yarn,MT,8.88,202030,202160,202215,202295,202400,202600,202850,208738,209050,209364,213859,219672,2477233,1,1
Table-2-23-24-1.pdf,2023-24,20-21,Cloth,000 Sq M,7.29,72270,72500,72530,72550,72560,72570,72580,72588,72600,72850,72885,72950,871433,1,1
Table-2-23-24-1.pdf,2023-24,22-24,JUTE GOODS (TOTAL),MT,0.33,3063,3574,3631,3408,3310,3010,2997,3026,4422,3447,4905,2316,41109,1,1
Table-2-23-24-1.pdf,2023-24,22,Hessian,MT,0,833,1014,944,1060,1123,1272,1226,1089,876,577,701,675,11390,1,1
Table-2-23-24-1.pdf,2023-24,23,Sacking,MT,0,2013,2211,2324,2010,1855,1446,1515,1723,3310,2707,3956,1381,26451,1,1
Table-2-23-24-1.pdf,2023-24,24,Others,MT,0,217,349,363,338,332,292,256,214,236,163,248,260,3268,1,1
Table-2-23-24-1.pdf,2023-24,25,Terry towels & Bath robes,MT,0.59,15069,18743,18351,19649,16367,18241,19975,19969,19989,16701,21857,17808,222719,1,1
Table-2-23-24-1.pdf,2023-24,26,Woollen & carpet yarn,MT,0.05,1682,1902,1726,2135,2121,2084,1816,1675,1799,1351,1616,1505,21412,1,1
Table-2-23-24-1.pdf,2023-24,27,Woolen & worsted cloth,000 Sq M,0.09,73,110,122,125,146,150,122,121,120,43,62,68,1262,1,1
Table-2-23-24-1.pdf,2023-24,28,Knitting wool,MT,0.01,0,0,0,0,0,0,0,0,0,0,0,0,0,1,1
Table-2-23-24-1.pdf,2023-24,29,Woolen blankets,Nos,0.91,1387,6383,3462,4956,4357,3173,3312,3312,3312,1345,3400,4339,42738,1,1
Table-2-23-24-1.pdf,2023-24,30,Garments,000' Dozen,6.08,5235,6169,5702,6441,6311,6324,6717,6653,6325,6197,7364,6315,75753,1,1
Table-2-23-24-1.pdf,2023-24,31,Upper leather,000 Sq M,0.4,1095,1122,1174,1182,1151,1133,1144,1111,1038,1006,1009,1086,13251,1,1
Table-2-23-24-1.pdf,2023-24,32,Sole leather,,0,16,16,16,20,14,14,14,15,16,16,16,16,189,1,1
Table-2-23-24-1.pdf,2023-24,33,Footwear,`000' Pairs,0.83,2827,2786,2842,2865,2875,2902,2960,2982,2990,3045,3035,3043,35152,1,1
Table-2-23-24-1.pdf,2023-24,34,Plywood,000 Sq Ft,0.09,535,567,577,612,638,655,661,576,586,592,589,592,7180,1,1
Table-2-23-24-1.pdf,2023-24,35,Chip Board,MT,0.09,0,0,0,0,0,0,0,0,0,0,0,0,0,1,1
Table-2-23-24-1.pdf,2023-24,36-39,Paper,,0,28998,29848,32013,29630,31795,31227,32567,32789,29865,28425,31757,27248,366162,1,1
Table-2-23-24-1.pdf,2023-24,,Paper Board,,0,27261,38031,34049,39637,34653,35720,35205,37425,40520,29400,36338,32242,420481,1,1
Table-2-23-24-1.pdf,2023-24,40,Corrugated paper/ paperboard containers,,0,0,0,0,0,0,0,0,0,0,0,0,0,0,1,1
Table-2-23-24-1.pdf,2023-24,41,Coke,MT,0,0,0,0,0,0,0,0,0,0,0,0,0,0,1,1
Table-2-23-24-1.pdf,2023-24,42-52,Petroleum Products,000 L,6.66,90.96,95.81,92.7,89.71,101.3,105.48,91.68,74.28,103.69,106.11,97.55,94.29,95.3,1,1
Table-2-23-24-1.pdf,2023-24,42,Jet fuel oil,000 L,0.47,59053,61399,62957,73898,67652,72081,75062,52409,70223.2,78135.5,64970.2,61160.9,799000,1,1
Table-2-23-24-1.pdf,2023-24,43,Kerosene oil,000 L,0.08,8105,7673,9027,8664,7850,7588,7726,7080.2,7615.5,11613.5,9530.8,8656.8,101130,1,1
Table-2-23-24-1.pdf,2023-24,44,Motor spirits,000 L,1.08,273321,279347,286757,245725,295044,286818,264589,224048.1,244325.6,306449.2,288482.1,299277.6,3294184,1,1
Table-2-23-24-1.pdf,2023-24,45,High speed diesel,000 L,2.51,429660,455655,455516,411498,499705,456745,413310,348886.9,479048.6,481287.8,473938,434641.3,5339891,1,1
Table-2-23-24-1.pdf,2023-24,46,Diesel oil n.o.s.,000 L,0.02,1411,2613,747,4194,1264,2161,1752,710,931,2713.6,1431.6,1279.7,21207,1,1
Table-2-23-24-1.pdf,2023-24,47,Furnace oil,000 L,0.96,209625,222503,192792,255851,222703,278307,176919,146711.4,224700.2,263099.2,235760.3,204424.1,2633394,1,1
Table-2-23-24-1.pdf,2023-24,48,Lubricating oil,000 L,0.18,11412,10428,9001,5555,7204,13707,12044,7757.3,14248.8,13345.6,12052,13759.5,130513,1,1
Table-2-23-24-1.pdf,2023-24,49,Jute batching oil,000 L,0,151,140,125,87,191,39,173,0,116.2,98.3,259.2,68.2,1448,1,1
Table-2-23-24-1.pdf,2023-24,50,Solvant Naptha,000 L,0.95,21177,29194,15361,22660,28212,60684,43047,27349.2,78342.7,40777.7,15936,20979.7,403720,1,1
Table-2-23-24-1.pdf,2023-24,51,LPG,000 L,0.22,70475,71003,69761,68589,72495,76463,71260,61500,75000.1,67724.3,72266,66247.2,842784,1,1
Table-2-23-24-1.pdf,2023-24,52,Petroleum prods: n.o.s.,000 L,0.18,20921,21970,22809,14564,26207,18339,24875,12660.7,29487.3,22984.2,18979.9,30870.5,264667,1,1
Table-2-23-24-1.pdf,2023-24,53-64,Chemicals Products,,2.55,106.73,109.33,115.06,110.9,109.89,116.3,115.09,111.39,115.96,115.52,111.33,102.34,111.65,1,1
Table-2-23-24-1.pdf,2023-24,53,Caustic soda,MT,0.23,41485,41460,43313,42657,39375,43190,40591,36077,51597,39906,40132,37465,497248,1,1
Table-2-23-24-1.pdf,2023-24,54,Toilet soaps,MT,0.73,6101,5754,6683,5829,5722,5748,6208,6301,4858,7107,6268,6255,72834,1,1
Table-2-23-24-1.pdf,2023-24,55,Soaps & detergents,MT,0.26,42798,38918,40631,40502,38075,38175,40970,38709,36408,35406,34950,33159,458701,1,1
Table-2-23-24-1.pdf,2023-24,56,Paints & varnishes(L),`000' Litres,0.54,2804,2807,2810,2804,2907,3956,4008,3917,3563,3633,3635,2744,39588,1,1
Table-2-23-24-1.pdf,2023-24,57,Paints & varnishes(S),Tonnes,0.18,7187,7227,7309,7435,7459,7468,7503,7419,7285,7344,7922,7086,88644,1,1
Table-2-23-24-1.pdf,2023-24,58,Soda ash,MT,0.08,64160,66190,63127,60504,63110,65747,57961,56667,66686,72992,73472,74667,785283,1,1
Table-2-23-24-1.pdf,2023-24,59,Sulphuric acid,MT,0.41,3771,5681,5614,5761,6268,6026,5031,4892,6405,5463,4648,4205,63765,1,1
Table-2-23-24-1.pdf,2023-24,60,Synthetic fibres,MT,0.01,43811,44331,44556,43421,42311,42418,42510,42645,42608,42651,42656,42745,516663,1,1
Table-2-23-24-1.pdf,2023-24,61,Matches,Mil. Boxes,0.03,854,866,1449,895,877,883,863,859,869,803,816,741,10775,1,1
Table-2-23-24-1.pdf,2023-24,62,Hydrochloric acid,MT,0.06,41875,42623,42443,42480,41990,42480,43960,44419,45005,40456,41031,37972,506734,1,1
Table-2-23-24-1.pdf,2023-24,63,Polishes & creams,Kgs.,0.01,81088,95538,53149,78885,81939,82758,73529,64998.3,126477.6,119252.8,83958.8,125540.5,1067115,1,1
Table-2-23-24-1.pdf,2023-24,64,Chlorine,MT,0,1209,1250,1502,1517,1579,1487,1776,1716,1608,1243,1203,1137,17227,1,1
Table-2-23-24-1.pdf,2023-24,65-71,Fertilizers,,3.93,120.02,116.53,115.24,114.58,119.53,119.32,118.73,115.15,122.16,111.04,104.44,106.07,115.23,1,1
Table-2-23-24-1.pdf,2023-24,65-67,Phos. fertilizers,NT,0.5,62201,61129,61238,66469,64516,67754,40061,65593,68804,62197,72101,64062,756125,1,1
Table-2-23-24-1.pdf,2023-24,68-71,Nit. fertilizers,NT,3.43,304629,295262,291467,286115,301659,298926,315598,288322,306391,278742,253147,263162,3483420,1,1
Table-2-23-24-1.pdf,2023-24,3-Jan,"Sugar, Bakery products and Chocolate & sugar confectionery",MT,3.43,0,0,0,0,220036,2063249,2138327,1873522,467123,3932,29809,0,6795998,1,2
Table-2-23-24-1.pdf,2023-24,2,Bakery products,MT,0,0,0,0,0,0,0,0,0,0,0,0,0,0,1,2
Table-2-23-24-1.pdf,2023-24,3,Chocolate & sugar confectionery,MT,0,0,0,0,0,0,0,0,0,0,0,0,0,0,1,2
Table-2-23-24-1.pdf,2023-24,4,Cooking oil,MT,1.48,51158,52936,51382,51192,53618,55078,52446,53246,54485,54026,55314,56933,641814,1,2
Table-2-23-24-1.pdf,2023-24,5,Vegetable ghee,MT,1.38,122480,123769,121315,129311,128094,126574,128044,125192,121706,117033,125699,122775,1491992,1,2
Table-2-23-24-1.pdf,2023-24,7-Jun,Wheat & Rice Milling,MT,3.66,776407,795932,829598,818268,826295,765238,781138,810578,840726,847256,828185,841654,9761275,1,2
Table-2-23-24-1.pdf,2023-24,9-Aug,Starch & its products,MT,0.27,36851,36767,36979,35841,36723,36972,37062,35752,36407,36578,36607,37612,440151,1,2
Table-2-23-24-1.pdf,2023-24,8,Starch,MT,0,21985,22646,22760,21987,22811,22915,22936,21996,22466,22577,22581,23471,271131,1,2
Table-2-23-24-1.pdf,2023-24,9,Glucose,MT,0,14866,14121,14219,13854,13912,14057,14126,13756,13941,14001,14026,14141,169020,1,2
Table-2-23-24-1.pdf,2023-24,10,Tea blended,MT,0.48,10642,12717,12177,11236,12123,12035,11280,11093,12373,11199,9913,9447,136235,1,2
Table-2-23-24-1.pdf,2023-24,12-Nov,Soft drinks and Mineral waters,000 Litres,1.63,317899,282750,237951,193695,171845,128361,147606,188173,267949.2,268100.4,304348.2,353045.2,2861723,1,2
Table-2-23-24-1.pdf,2023-24,13-15,"Juices, syrups & squashes",000 L,2.21,35442,32665,32228,26443,24242,23305,25462,33389,27005,29231,35994,33434,358840,1,2
Table-2-23-24-1.pdf,2023-24,13,Fruit Juices,000 L,0,26424,22307,22382,17425,14558,12280,13289,21121,18937,20900,27733,26397,243753,1,2
Table-2-23-24-1.pdf,2023-24,14,Syrups & squashes,000 L,0,9018,10358,9846,9018,9684,11025,12173,12268,8068,8331,8261,7037,115087,1,2
Table-2-23-24-1.pdf,2023-24,15,Preserved Milk,000 L,0,0,0,0,0,0,0,0,0,0,0,0,0,0,1,2
Table-2-23-24-1.pdf,2023-24,16,Liquors,000 L,0,79,79,79,79,79,79,79,79.5,79.5,79.5,79.5,79.5,954,1,2
Table-2-23-24-1.pdf,2023-24,17,Cigarettes,Mil. Nos.,2.07,1573,2651,2186,2918,2440,3018,2044,2874,3611,3103,4062,2445,32925,1,2
Table-2-23-24-1.pdf,2023-24,18-19,Yarn,MT,8.88,202030,202160,202215,202295,202400,202600,202850,208738,209050,209364,213859,219672,2477233,1,2
Table-2-23-24-1.pdf,2023-24,20-21,Cloth,000 Sq M,7.29,72270,72500,72530,72550,72560,72570,72580,72588,72600,72850,72885,72950,871433,1,2
Table-2-23-24-1.pdf,2023-24,22-24,JUTE GOODS (TOTAL),MT,0.33,3063,3574,3631,3408,3310,3010,2997,3026,4422,3447,4905,2316,41109,1,2
Table-2-23-24-1.pdf,2023-24,22,Hessian,MT,0,833,1014,944,1060,1123,1272,1226,1089,876,577,701,675,11390,1,2
Table-2-23-24-1.pdf,2023-24,23,Sacking,MT,0,2013,2211,2324,2010,1855,1446,1515,1723,3310,2707,3956,1381,26451,1,2
Table-2-23-24-1.pdf,2023-24,24,Others,MT,0,217,349,363,338,332,292,256,214,236,163,248,260,3268,1,2
Table-2-23-24-1.pdf,2023-24,25,Terry towels & Bath robes,MT,0.59,15069,18743,18351,19649,16367,18241,19975,19969,19989,16701,21857,17808,222719,1,2
Table-2-23-24-1.pdf,2023-24,26,Woollen & carpet yarn,MT,0.05,1682,1902,1726,2135,2121,2084,1816,1675,1799,1351,1616,1505,21412,1,2
Table-2-23-24-1.pdf,2023-24,27,Woolen & worsted cloth,000 Sq M,0.09,73,110,122,125,146,150,122,121,120,43,62,68,1262,1,2
Table-2-23-24-1.pdf,2023-24,28,Knitting wool,MT,0.01,0,0,0,0,0,0,0,0,0,0,0,0,0,1,2
Table-2-23-24-1.pdf,2023-24,29,Woolen blankets,Nos,0.91,1387,6383,3462,4956,4357,3173,3312,3312,3312,1345,3400,4339,42738,1,2
Table-2-23-24-1.pdf,2023-24,30,Garments,000' Dozen,6.08,5235,6169,5702,6441,6311,6324,6717,6653,6325,6197,7364,6315,75753,1,2
Table-2-23-24-1.pdf,2023-24,31,Upper leather,000 Sq M,0.4,1095,1122,1174,1182,1151,1133,1144,1111,1038,1006,1009,1086,13251,1,2
Table-2-23-24-1.pdf,2023-24,32,Sole leather,,0,16,16,16,20,14,14,14,15,16,16,16,16,189,1,2
Table-2-23-24-1.pdf,2023-24,33,Footwear,`000' Pairs,0.83,2827,2786,2842,2865,2875,2902,2960,2982,2990,3045,3035,3043,35152,1,2
Table-2-23-24-1.pdf,2023-24,34,Plywood,000 Sq Ft,0.09,535,567,577,612,638,655,661,576,586,592,589,592,7180,1,2
Table-2-23-24-1.pdf,2023-24,35,Chip Board,MT,0.09,0,0,0,0,0,0,0,0,0,0,0,0,0,1,2
Table-2-23-24-1.pdf,2023-24,36-39,Paper,,0,28998,29848,32013,29630,31795,31227,32567,32789,29865,28425,31757,27248,366162,1,2
Table-2-23-24-1.pdf,2023-24,,Paper Board,,0,27261,38031,34049,39637,34653,35720,35205,37425,40520,29400,36338,32242,420481,1,2
Table-2-23-24-1.pdf,2023-24,40,Corrugated paper/ paperboard containers,,0,0,0,0,0,0,0,0,0,0,0,0,0,0,1,2
Table-2-23-24-1.pdf,2023-24,41,Coke,MT,0,0,0,0,0,0,0,0,0,0,0,0,0,0,1,2
Table-2-23-24-1.pdf,2023-24,42-52,Petroleum Products,000 L,6.66,90.96,95.81,92.7,89.71,101.3,105.48,91.68,74.28,103.69,106.11,97.55,94.29,95.3,1,2
Table-2-23-24-1.pdf,2023-24,42,Jet fuel oil,000 L,0.47,59053,61399,62957,73898,67652,72081,75062,52409,70223.2,78135.5,64970.2,61160.9,799000,1,2
Table-2-23-24-1.pdf,2023-24,43,Kerosene oil,000 L,0.08,8105,7673,9027,8664,7850,7588,7726,7080.2,7615.5,11613.5,9530.8,8656.8,101130,1,2
Table-2-23-24-1.pdf,2023-24,44,Motor spirits,000 L,1.08,273321,279347,286757,245725,295044,286818,264589,224048.1,244325.6,306449.2,288482.1,299277.6,3294184,1,2
Table-2-23-24-1.pdf,2023-24,45,High speed diesel,000 L,2.51,429660,455655,455516,411498,499705,456745,413310,348886.9,479048.6,481287.8,473938,434641.3,5339891,1,2
Table-2-23-24-1.pdf,2023-24,46,Diesel oil n.o.s.,000 L,0.02,1411,2613,747,4194,1264,2161,1752,710,931,2713.6,1431.6,1279.7,21207,1,2
Table-2-23-24-1.pdf,2023-24,47,Furnace oil,000 L,0.96,209625,222503,192792,255851,222703,278307,176919,146711.4,224700.2,263099.2,235760.3,204424.1,2633394,1,2
Table-2-23-24-1.pdf,2023-24,48,Lubricating oil,000 L,0.18,11412,10428,9001,5555,7204,13707,12044,7757.3,14248.8,13345.6,12052,13759.5,130513,1,2
Table-2-23-24-1.pdf,2023-24,49,Jute batching oil,000 L,0,151,140,125,87,191,39,173,0,116.2,98.3,259.2,68.2,1448,1,2
Table-2-23-24-1.pdf,2023-24,50,Solvant Naptha,000 L,0.95,21177,29194,15361,22660,28212,60684,43047,27349.2,78342.7,40777.7,15936,20979.7,403720,1,2
Table-2-23-24-1.pdf,2023-24,51,LPG,000 L,0.22,70475,71003,69761,68589,72495,76463,71260,61500,75000.1,67724.3,72266,66247.2,842784,1,2
Table-2-23-24-1.pdf,2023-24,52,Petroleum prods: n.o.s.,000 L,0.18,20921,21970,22809,14564,26207,18339,24875,12660.7,29487.3,22984.2,18979.9,30870.5,264667,1,2
Table-2-23-24-1.pdf,2023-24,53-64,Chemicals Products,,2.55,106.73,109.33,115.06,110.9,109.89,116.3,115.09,111.39,115.96,115.52,111.33,102.34,111.65,1,2
Table-2-23-24-1.pdf,2023-24,53,Caustic soda,MT,0.23,41485,41460,43313,42657,39375,43190,40591,36077,51597,39906,40132,37465,497248,1,2
Table-2-23-24-1.pdf,2023-24,54,Toilet soaps,MT,0.73,6101,5754,6683,5829,5722,5748,6208,6301,4858,7107,6268,6255,72834,1,2
Table-2-23-24-1.pdf,2023-24,55,Soaps & detergents,MT,0.26,42798,38918,40631,40502,38075,38175,40970,38709,36408,35406,34950,33159,458701,1,2
Table-2-23-24-1.pdf,2023-24,56,Paints & varnishes(L),`000' Litres,0.54,2804,2807,2810,2804,2907,3956,4008,3917,3563,3633,3635,2744,39588,1,2
Table-2-23-24-1.pdf,2023-24,57,Paints & varnishes(S),Tonnes,0.18,7187,7227,7309,7435,7459,7468,7503,7419,7285,7344,7922,7086,88644,1,2
Table-2-23-24-1.pdf,2023-24,58,Soda ash,MT,0.08,64160,66190,63127,60504,63110,65747,57961,56667,66686,72992,73472,74667,785283,1,2
Table-2-23-24-1.pdf,2023-24,59,Sulphuric acid,MT,0.41,3771,5681,5614,5761,6268,6026,5031,4892,6405,5463,4648,4205,63765,1,2
Table-2-23-24-1.pdf,2023-24,60,Synthetic fibres,MT,0.01,43811,44331,44556,43421,42311,42418,42510,42645,42608,42651,42656,42745,516663,1,2
Table-2-23-24-1.pdf,2023-24,61,Matches,Mil. Boxes,0.03,854,866,1449,895,877,883,863,859,869,803,816,741,10775,1,2
Table-2-23-24-1.pdf,2023-24,62,Hydrochloric acid,MT,0.06,41875,42623,42443,42480,41990,42480,43960,44419,45005,40456,41031,37972,506734,1,2
Table-2-23-24-1.pdf,2023-24,63,Polishes & creams,Kgs.,0.01,81088,95538,53149,78885,81939,82758,73529,64998.3,126477.6,119252.8,83958.8,125540.5,1067115,1,2
Table-2-23-24-1.pdf,2023-24,64,Chlorine,MT,0,1209,1250,1502,1517,1579,1487,1776,1716,1608,1243,1203,1137,17227,1,2
Table-2-23-24-1.pdf,2023-24,65-71,Fertilizers,,3.93,120.02,116.53,115.24,114.58,119.53,119.32,118.73,115.15,122.16,111.04,104.44,106.07,115.23,1,2
Table-2-23-24-1.pdf,2023-24,65-67,Phos. fertilizers,NT,0.5,62201,61129,61238,66469,64516,67754,40061,65593,68804,62197,72101,64062,756125,1,2
Table-2-23-24-1.pdf,2023-24,68-71,Nit. fertilizers,NT,3.43,304629,295262,291467,286115,301659,298926,315598,288322,306391,278742,253147,263162,3483420,1,2
Table-2-23-24-1.pdf,2023-24,73,Liquids/syrups,`000' Litres,1.62,17657,17121,16570,16611,16637,16589,16657,16228,16183,16237,17007,16662,200159,2,1
Table-2-23-24-1.pdf,2023-24,74,Injections,`000' Nos.,0.47,79561,81454,84520,84180,79789,78813,79458,77509,73321,74180,79271,79938,951994,2,1
Table-2-23-24-1.pdf,2023-24,75,Capsules,`000' Nos.,0.23,237574,243015,246007,241876,238684,240023,230368,233494,245627,249404,238757,247121,2891950,2,1
Table-2-23-24-1.pdf,2023-24,76,Galenicals (tincture),`000' Litres,0.01,3,3,2,2,2,3,2,2,2,2,2,2,27,2,1
Table-2-23-24-1.pdf,2023-24,77,Ointments,`000' Kgs.,0.1,209,207,201,200,209,208,200,196.2,191.9,193,192.1,197.7,2404,2,1
Table-2-23-24-1.pdf,2023-24,78,Cycle tyres,`000' Nos.,0.01,345,338,346,349,352,356,360,363,365,368,371,373,4286,2,1
Table-2-23-24-1.pdf,2023-24,79,Cycle tubes,`000' Nos.,0,449,559,566,547,550,560,562,565,570,574,576,579,6657,2,1
Table-2-23-24-1.pdf,2023-24,80,Motor tyres,`000' Nos.,0.24,697,581,586,614,599,602,641,670.5,636.9,615.3,631.6,575.6,7449,2,1
Table-2-23-24-1.pdf,2023-24,81,Motor tubes,`000' Nos.,0,1912,1900,1896,1913,1931,2005,2024,2018.2,2007,2014.2,2026.5,2012.2,23658,2,1
Table-2-23-24-1.pdf,2023-24,82,Glass plates & sheets,000 Sq M,0.36,2196,1545,1950,1638,2734,2117,1814,1797,981,1221,1133,1079,20205,2,1
Table-2-23-24-1.pdf,2023-24,83,Cement,000 MT,4.65,2924,3860,3744,3505,3381,3658,3168,2857,3405,2606,3331,3127,39566,2,1
Table-2-23-24-1.pdf,2023-24,84,Pig iron,MT,0,0,0,0,0,0,0,0,0,0,0,0,0,0,2,1
Table-2-23-24-1.pdf,2023-24,85,Billets/Ingots,MT,0.92,460000,480000,445000,440000,455000,462000,455000,420000,347000,330000,305000,315000,4914000,2,1
Table-2-23-24-1.pdf,2023-24,86-88,H/C.R.Sheets/Strips/Coils/plates etc,MT,2.52,301000,298000,295000,294500,294000,293400,292900,292500,291500,291000,290000,289200,3523000,2,1
Table-2-23-24-1.pdf,2023-24,89,Metal drums,MT,0.06,13,15,13,15,14,16,14,13,14,16,13,12,168,2,1
Table-2-23-24-1.pdf,2023-24,90-91,Safety razer blades and Cutlery,`000' Nos.,0.36,133652,142065,143343,135225,138105,134740,116349,106633,132208,109621,108914,104027,1504882,2,1
Table-2-23-24-1.pdf,2023-24,92,T.V. sets,Nos.,0.03,10967,11306,10864,10922,11010,10971,11001,11054,11021,11123,11009,11220,132468,2,1
Table-2-23-24-1.pdf,2023-24,93,Refrigerators,Nos.,0.25,92216,83851,77032,49790,50696,68903,60204,57293,64667,67805,74853,70957,818267,2,1
Table-2-23-24-1.pdf,2023-24,94,Electric transformers,Nos.,0.35,2310,2395,1865,1800,1765,1810,1834,1860,1869,1812,1720,1310,22350,2,1
Table-2-23-24-1.pdf,2023-24,95,Deepfreezers,Nos.,0.17,4149,6577,35668,3416,3402,4922,5816,5893,7171,7257,8747,7846,100864,2,1
Table-2-23-24-1.pdf,2023-24,96,Switch gears,Nos.,0,998,836,600,710,920,897,909,944,922,900,754,270,9660,2,1
Table-2-23-24-1.pdf,2023-24,97,Electric fans,Nos.,0.08,220916,196778,172135,159472,154947,150154,148714,160115,192146,226686,231587,269758,2283408,2,1
Table-2-23-24-1.pdf,2023-24,98,Electric meters,Nos.,0.16,172149,181826,173607,185507,181119,183542,186164,184904,188990,175682,168547,135457,2117494,2,1
Table-2-23-24-1.pdf,2023-24,99,Airconditioners,Nos.,0.09,46334,17301,14390,12570,12259,10907,13787,17813,15431,17406,21227,24152,223577,2,1
Table-2-23-24-1.pdf,2023-24,100,Electric bulbs,`000' Nos.,0.02,292,717,836,921,415,865,1413,295,293,442,442,316,7247,2,1
Table-2-23-24-1.pdf,2023-24,101,Electric motors (including Insulated wire & cable),Nos.,0.43,1417,1396,1380,1365,1372,1362,1359,1363,1360,1390,1385,1390,16539,2,1
Table-2-23-24-1.pdf,2023-24,102,Electric tubes,`000' Metre,0,0,0,0,0,0,0,0,0,0,0,0,0,0,2,1
Table-2-23-24-1.pdf,2023-24,103,Storagae batteries,Nos.,0.51,14253,14223,14216,13007,14243,14153,14223,14223,12414,8526,10356,9874,153711,2,1
Table-2-23-24-1.pdf,2023-24,104,Generating sets,Nos.,0,0,0,0,0,0,0,0,0,0,0,0,0,0,2,1
Table-2-23-24-1.pdf,2023-24,105,Tractors,Nos,0.34,2629,3597,5417,5536,3841,2675,4117,4353,4220,3416,3287,3187,46275,2,1
Table-2-23-24-1.pdf,2023-24,106,Heavy machinery & equipment,MT,0.03,13,15,13,15,14,16,14,13,14,16,13,12,168,2,1
Table-2-23-24-1.pdf,2023-24,107,Sewing machines,Nos.,0,263,230,230,237,274,285,262,265,248,226,242,252,3014,2,1
Table-2-23-24-1.pdf,2023-24,108,Power looms,Nos.,0,50,42,51,53,50,53,52,50,51,49,51,53,605,2,1
Table-2-23-24-1.pdf,2023-24,111,Sugarcane machines,Nos.,0,2,3,3,3,3,2,3,2,3,3,2,2,31,2,1
Table-2-23-24-1.pdf,2023-24,112,Wheat thrashers,Nos.,0.01,61,31,58,60,55,53,54,45,38,42,40,42,579,2,1
Table-2-23-24-1.pdf,2023-24,113,Chaff cutters,Nos.,0,655,691,706,716,711,716,720,665,683,676,671,666,8276,2,1
Table-2-23-24-1.pdf,2023-24,114-115,Jeeps & Cars,Nos,2.71,5816,8533,8191,5286,5814,7700,11242,9899,8693,8569,10405,10073,100221,2,1
Table-2-23-24-1.pdf,2023-24,114,Jeeps,Nos,0,2108,2294,1964,1341,1361,1425,2715,2574,2113,2508,3288,3199,26890,2,1
Table-2-23-24-1.pdf,2023-24,115,Cars,Nos,0,3708,6239,6227,3945,4453,6275,8527,7325,6580,6061,7117,6874,73331,2,1
Table-2-23-24-1.pdf,2023-24,116,L.C.V.'s,Nos,0.04,728,851,884,675,770,708,1122,864,904,1040,2167,2082,12795,2,1
Table-2-23-24-1.pdf,2023-24,117,Trucks,Nos,0.19,130,186,163,206,134,150,112,425,358,250,286,322,2722,2,1
Table-2-23-24-1.pdf,2023-24,118,Buses,Nos,0.15,20,70,53,46,20,37,46,44,41,30,46,65,518,2,1
Table-2-23-24-1.pdf,2023-24,119,Diesel engines,Nos.,0,142,136,132,131,130,128,126,125,124,122,128,129,1553,2,1
Table-2-23-24-1.pdf,2023-24,120,Motor cycles,Nos,0.68,83184,92729,112116,113644,92128,91588,110743,102732,109834,105029,126714,94478,1234919,2,1
Table-2-23-24-1.pdf,2023-24,121,Bicycles,Nos.,0.01,12584,12698,12961,13061,13089,13145,13214,13404,13502,13740,13802,13833,159033,2,1
Table-2-23-24-1.pdf,2023-24,122,Furniture,TH.NO,0.51,120,237,345,125,169,211,150,131,107,77,89,93,1854,2,1
Table-2-23-24-1.pdf,2023-24,123,Foot balls,TH.NO,0.32,300,387,359,389,345,412,346,368,450,511,452,407,4726,2,1
Table-2-for-year-2015-16.pdf,2015-16,3-Jan,,"Sugar, Bakery products and Chocolate & sugar confectionery",3.43,0,0,0,0,8148,916583,1441722,1157607,1425593,132455,32791,0,5114899,1,1
Table-2-for-year-2015-16.pdf,2015-16,2,Bakery products,MT,0,0,0,0,0,0,0,0,0,0,0,0,0,0,1,1
Table-2-for-year-2015-16.pdf,2015-16,3,Chocolate & sugar confectionery MT,,0,0,0,0,0,0,0,0,0,0,0,0,0,0,1,1
Table-2-for-year-2015-16.pdf,2015-16,4,Cooking oil,MT,1.48,29917,30576,30277,35881,34366,29912,31116,30734,32238,30085,32220,32450,379772,1,1
Table-2-for-year-2015-16.pdf,2015-16,5,Vegetable ghee,000 L,1.38,100903,104218,100153,105640,103288,104711,104516,102164,105073,103322,102169,105189,1241346,1,1
Table-2-for-year-2015-16.pdf,2015-16,7-Jun,Wheat & Rice Milling,MT,3.66,451209,479546,515955,474969,498194,512606,519736,459498,479434,457872,461243,422747,5733009,1,1
Table-2-for-year-2015-16.pdf,2015-16,9-Aug,Starch & its products,MT,0.27,27869,31122,28093,30307,42488,29738,29696,25655,29017,27451,28624,27882,357942,1,1
Table-2-for-year-2015-16.pdf,2015-16,8,Starch,MT,0,19168,21099,18281,18946,29998,17908,15291,15401,16694,15223,15920,16731,220660,1,1
Table-2-for-year-2015-16.pdf,2015-16,9,Glucose,MT,0,8701,10023,9812,11361,12490,11830,14405,10254,12323,12228,12704,11151,137282,1,1
Table-2-for-year-2015-16.pdf,2015-16,10,Tea blended,MT,0.48,9852,11002,10615,12271,12326,12569,12891,12255,12142,10847,10998,10050,137818,1,1
Table-2-for-year-2015-16.pdf,2015-16,12-Nov,Soft drinks and Mineral waters,000' Litres,1.63,304229,258147,266320,233610,144517,129512,144341,185602,235189,274071,320149,294918,2790605,1,1
Table-2-for-year-2015-16.pdf,2015-16,13-15,"Juices, syrups & squashes",000 L,2.21,34540,30987,31521,28863,23116,17945,18833,22895,27191,34162,38360,37167,345580,1,1
Table-2-for-year-2015-16.pdf,2015-16,13,Fruit Juices,000 L,0,29895,28198,29036,26595,21598,16498,16494,18605,22283,27921,31105,30721,298949,1,1
Table-2-for-year-2015-16.pdf,2015-16,14,Syrups & squashes,000 L,0,4645,2789,2485,2268,1518,1447,2339,4290,4908,6241,7255,6446,46631,1,1
Table-2-for-year-2015-16.pdf,2015-16,15,Preserved Milk,000 L,0,0,0,0,0,0,0,0,0,0,0,0,0,0,1,1
Table-2-for-year-2015-16.pdf,2015-16,16,Liquors,000 L,0,79,79,79,79,79,79,79,79,79,79,79,79,954,1,1
Table-2-for-year-2015-16.pdf,2015-16,17,Cigarettes,Mil. Nos.,2.07,3284,5385,4455,4021,3898,3707,6240,5844,6058,6680,3654,296,53522,1,1
Table-2-for-year-2015-16.pdf,2015-16,18-19,Yarn,MT,8.88,283780,283479,284185,284685,284135,284185,284335,281185,282685,284135,284585,284185,3405559,1,1
Table-2-for-year-2015-16.pdf,2015-16,20-21,Cloth,000 Sq M,7.29,87033,87000,86900,86950,86500,86600,86650,86100,86500,86300,86650,86000,1039183,1,1
Table-2-for-year-2015-16.pdf,2015-16,22-24,JUTE GOODS (TOTAL),MT,0.33,5265,7112,5855,6142,6043,5333,3906,3065,2681,3465,3348,3162,55377,1,1
Table-2-for-year-2015-16.pdf,2015-16,22,Hessian,MT,0,1051,1408,1073,1285,1248,1383,1381,1162,981,760,770,971,13473,1,1
Table-2-for-year-2015-16.pdf,2015-16,23,Sacking,MT,0,3356,4509,3713,3331,3296,2829,1646,1351,1064,1535,1858,1539,30027,1,1
Table-2-for-year-2015-16.pdf,2015-16,24,Others,MT,0,858,1195,1069,1526,1499,1121,879,552,636,1170,720,652,11877,1,1
Table-2-for-year-2015-16.pdf,2015-16,25,Terry towels & Bath robes,MT,0.59,15859,15000,17830,13495,14069,13914,15140,16786,13551,18361,16422,14051,184478,1,1
Table-2-for-year-2015-16.pdf,2015-16,26,Woollen & carpet yarn,MT,0.05,118,120,108,114,116,113,136,136,127,129,144,141,1502,1,1
Table-2-for-year-2015-16.pdf,2015-16,27,Woolen & worsted cloth,000 Sq M,0.09,100,148,160,157,120,164,165,360,140,140,124,109,1887,1,1
Table-2-for-year-2015-16.pdf,2015-16,28,Knitting wool,MT,0.01,171,169,167,167,170,166,161,164,163,151,154,158,1961,1,1
Table-2-for-year-2015-16.pdf,2015-16,29,Woolen blankets,Nos,0.91,2378,4587,2466,2466,4952,4963,4963,4910,3300,3300,5456,6378,50119,1,1
Table-2-for-year-2015-16.pdf,2015-16,30,Garments,000' Dozen,6.08,2597,2347,2327,2663,2664,2775,2923,2841,2567,2825,3056,3190,32775,1,1
Table-2-for-year-2015-16.pdf,2015-16,31,Upper leather,000 Sq M,0.4,2071,2139,2083,2190,2176,2082,2002,2023,2082,2015,2006,2074,24943,1,1
Table-2-for-year-2015-16.pdf,2015-16,32,Sole leather,,0,19,20,29,21,24,15,15,11,11,11,11,11,198,1,1
Table-2-for-year-2015-16.pdf,2015-16,33,Footwear,`000' Pairs,0.83,4098,3439,5057,5636,5338,5066,7518,4660,4658,5449,5023,4520,60462,1,1
Table-2-for-year-2015-16.pdf,2015-16,34,Plywood,000 Sq Ft,0.09,1993,2056,2056,2100,2089,2200,2110,1991,2006,1848,1597,1612,23658,1,1
Table-2-for-year-2015-16.pdf,2015-16,35,Chip Board,MT,0.09,289,293,287,336,180,0,0,0,0,0,0,0,1385,1,1
Table-2-for-year-2015-16.pdf,2015-16,36-39,Paper,,0,13993,22269,19002,21161,17462,19698,18074,22046,19361,22019,18120,19941,233146,1,1
Table-2-for-year-2015-16.pdf,2015-16,,Paper Board,,0,19612,33826,32642,34667,30859,22811,37374,35486,36581,32605,27346,33104,376913,1,1
Table-2-for-year-2015-16.pdf,2015-16,40,Corrugated paper/ paperboard,MT,0,0,0,0,0,0,0,0,0,0,0,0,0,0,1,1
Table-2-for-year-2015-16.pdf,2015-16,41,Coke,MT,0,22646,13351,10028,11369,0,0,0,0,0,0,0,0,57394,1,1
Table-2-for-year-2015-16.pdf,2015-16,42-52,Petroleum Products,000 L,6.66,102.9,104.3,108.1,105.5,99.3,106.7,92.3,93.5,97.5,95.7,90,104.1,100,1,1
Table-2-for-year-2015-16.pdf,2015-16,42,Jet fuel oil,000 L,0.47,79807,89442,92197,88841,88147,99518,89930,87751,101968,96042,70225,96825,1080694,1,1
Table-2-for-year-2015-16.pdf,2015-16,43,Kerosene oil,000 L,0.08,23758,23341,13729,9855,14659,16616,13699,11947,11544,14523,14895,15220,183786,1,1
Table-2-for-year-2015-16.pdf,2015-16,44,Motor spirits,000 L,1.08,189988,194340,201743,198946,193232,194290,151133,162245,179163,177547,177155,195946,2215729,1,1
Table-2-for-year-2015-16.pdf,2015-16,45,High speed diesel,000 L,2.51,461112,451601,484759,454435,433872,464865,388182,404480,411239,416174,396598,468346,5235662,1,1
Table-2-for-year-2015-16.pdf,2015-16,46,Diesel oil n.o.s.,000 L,0.02,6744,3959,2673,3628,3036,2717,3108,1974,2632,990,1566,1923,34950,1,1
Table-2-for-year-2015-16.pdf,2015-16,47,Furnace oil,000 L,0.96,271578,262688,284669,304349,249841,288771,262127,242229,238961,214954,220148,239270,3079586,1,1
Table-2-for-year-2015-16.pdf,2015-16,48,Lubricating oil,000 L,0.18,20683,17677,18455,20081,20455,19738,21000,19556,17652,17459,21426,19011,233193,1,1
Table-2-for-year-2015-16.pdf,2015-16,49,Jute batching oil,000 L,0,125,266,124,219,123,163,82,230,0,191,169,67,1759,1,1
Table-2-for-year-2015-16.pdf,2015-16,50,Solvant Naptha,000 L,0.95,108261,114278,107141,105934,97235,103605,99283,99512,108985,105466,84452,107952,1242105,1,1
Table-2-for-year-2015-16.pdf,2015-16,51,LPG,000 L,0.22,28356,33458,36241,34386,35582,43794,38599,38614,40188,38208,34581,39350,441358,1,1
Table-2-for-year-2015-16.pdf,2015-16,52,Petroleum prods: n.o.s.,000 L,0.18,23816,36078,40783,37307,36623,34505,27148,33319,31282,34914,39375,35668,410818,1,1
Table-2-for-year-2015-16.pdf,2015-16,53-64,Chemicals Products,,2.55,97.4,112.93,114.5,99.39,99.42,95.75,97.24,91.63,96.54,98.08,99.4,97.6,100,1,1
Table-2-for-year-2015-16.pdf,2015-16,53,Caustic soda,MT,0.23,21353,20356,18968,17631,18118,14014,16390,15248,19890,21044,22988,19250,225250,1,1
Table-2-for-year-2015-16.pdf,2015-16,54,Toilet soaps,MT,0.73,8314,8172,8196,8173,7791,8120,8359,7606,7776,8017,8030,7865,96419,1,1
Table-2-for-year-2015-16.pdf,2015-16,55,Soaps & detergents,MT,0.26,24207,25356,24882,25333,25336,25926,25117,25660,28040,26488,28055,28599,312999,1,1
Table-2-for-year-2015-16.pdf,2015-16,56,Paints & varnishes(L),`000' Litres,0.54,4606,4817,4747,4847,4851,4692,4926,4759,4497,4729,4495,4597,56563,1,1
Table-2-for-year-2015-16.pdf,2015-16,57,Paints & varnishes(S),Tonnes,0.18,4505,4526,4527,4323,4628,3947,4510,4264,4117,4572,4750,4982,53651,1,1
Table-2-for-year-2015-16.pdf,2015-16,58,Soda ash,MT,0.08,38794,36553,37488,39541,40898,42260,40618,31354,38098,40742,41927,40234,468507,1,1
Table-2-for-year-2015-16.pdf,2015-16,59,Sulphuric acid,MT,0.41,4953,10680,11726,6004,6117,5767,4982,4728,5059,5092,5006,5025,75139,1,1
Table-2-for-year-2015-16.pdf,2015-16,60,Synthetic fibres,MT,0.01,36528,34072,34144,34380,34450,34660,35617,34541,40937,38317,44201,42384,444231,1,1
Table-2-for-year-2015-16.pdf,2015-16,61,Matches,Mil. Boxes,0.03,588,659,558,645,487,488,603,586,571,429,552,482,6647,1,1
Table-2-for-year-2015-16.pdf,2015-16,62,Hydrochloric acid,MT,0.06,12534,14237,15480,13449,17215,14006,12547,12729,18947,12705,15085,13383,172317,1,1
Table-2-for-year-2015-16.pdf,2015-16,63,Polishes & creams,Kgs.,0.01,74883,88228,49082,72849,75670,76426,67902,60025,116800,110128,77535,115935,985463,1,1
Table-2-for-year-2015-16.pdf,2015-16,64,Chlorine,MT,0,1289,1381,1402,1427,1421,1418,1364,1350,1338,1216,1464,1327,16397,1,1
Table-2-for-year-2015-16.pdf,2015-16,65-71,Fertilizers,,3.93,103.3,100.87,97.9,107.49,100.44,101.1,90.56,95.27,101.89,101.33,96.3,103.6,100,1,1
Table-2-for-year-2015-16.pdf,2015-16,65-67,Phos. fertilizers,NT,0.5,60211,63699,59159,62901,56463,58729,34348,53551,53946,53331,55076,52728,664142,1,1
Table-2-for-year-2015-16.pdf,2015-16,68-71,Nit. fertilizers,NT,3.43,257624,248441,242895,268030,251980,252382,238191,239038,257857,256634,241043,263502,3017617,1,1
Table-2-for-year-2015-16.pdf,2015-16,,Manufacturing of Pharmaceuticals Products,,5.15,94.4,97.8,95.5,100.5,99.42,103.42,104.11,97.89,102.42,100.45,100.72,103.31,100,2,1
Table-2-for-year-2015-16.pdf,2015-16,73,Liquids/syrups,`000' Litres,1.62,8195,8555,8318,9197,8864,9541,9501,8309,9466,9274,9316,9806,108342,2,1
Table-2-for-year-2015-16.pdf,2015-16,74,Injections,`000' Nos.,0.47,81088,81160,80588,87815,86553,86981,85910,77839,78633,83333,83132,86175,999207,2,1
Table-2-for-year-2015-16.pdf,2015-16,75,Capsules,`000' Nos.,0.23,230677,230077,231432,279842,278777,296123,304881,303260,315468,313777,307596,306699,3398609,2,1
Table-2-for-year-2015-16.pdf,2015-16,76,Galenicals (tincture),`000' Litres,0.01,3,3,3,4,5,4,4,4,4,5,2,5,46,2,1
Table-2-for-year-2015-16.pdf,2015-16,77,Ointments,`000' Kgs.,0.1,249,253,243,283,262,259,266,259,256,252,252,273,3106,2,1
Table-2-for-year-2015-16.pdf,2015-16,,Manufacturing of Rubber Products,,0.24,95.1,106,105.3,97.1,99.65,98.82,100.28,98.33,98.51,98.88,102.23,99.89,100,2,1
Table-2-for-year-2015-16.pdf,2015-16,78,Cycle tyres,`000' Nos.,0.01,328,338,338,381,378,369,372,362,347,342,330,320,4205,2,1
Table-2-for-year-2015-16.pdf,2015-16,79,Cycle tubes,`000' Nos.,0,549,553,573,633,630,619,630,638,638,621,609,592,7285,2,1
Table-2-for-year-2015-16.pdf,2015-16,80,Motor tyres,`000' Nos.,0.24,772,862,856,786,807,800,812,797,799,802,831,812,9735,2,1
Table-2-for-year-2015-16.pdf,2015-16,81,Motor tubes,`000' Nos.,0,2069,2119,2117,1985,2016,2014,2014,2016,2016,2015,2037,2049,24467,2,1
Table-2-for-year-2015-16.pdf,2015-16,,Manufacturing of Non Metalic Mineral Products,,5.01,73.4,96.9,97.3,92.6,105.95,105.18,99.87,99.12,110.01,110.26,110.48,98.96,100,2,1
Table-2-for-year-2015-16.pdf,2015-16,82,Glass plates & sheets,000 Sq M,0.36,920,1426,1071,1207,879,881,882,570,986,1053,998,692,11565,2,1
Table-2-for-year-2015-16.pdf,2015-16,83,Cement,000 MT,4.65,2118,2745,2840,2658,3162,3137,2968,3018,3266,3258,3278,2984,35432,2,1
Table-2-for-year-2015-16.pdf,2015-16,,Manufacturing of Iron & Steel Products,,3.45,90.2,96.7,93.6,96.1,96.59,98.89,98.89,111.4,111.1,101.11,103.62,101.92,100,2,1
Table-2-for-year-2015-16.pdf,2015-16,84,Pig iron,MT,0,1509,0,0,0,0,0,0,0,0,0,0,0,1509,2,1
Table-2-for-year-2015-16.pdf,2015-16,85,Billets/Ingots,MT,0.92,204258,250000,230000,236000,260000,255000,250000,382000,349000,257000,260000,250000,3183258,2,1
Table-2-for-year-2015-16.pdf,2015-16,86-88,H/C.R.Sheets/Strips/Coils/plates etc,MT,2.52,252000,259000,255000,262000,255000,265200,267000,264000,275000,272500,280500,278000,3185200,2,1
Table-2-for-year-2015-16.pdf,2015-16,89,Metal drums,MT,0.06,19,20,20,44,57,20,40,74,52,50,45,42,483,2,1
Table-2-for-year-2015-16.pdf,2015-16,90-91,Safety razer blades and Cutlery,`000' Nos.,0.36,122597,125958,136765,142821,148687,154677,157371,144863,152871,155522,158153,152812,1753097,2,1
Table-2-for-year-2015-16.pdf,2015-16,,"Manufacture of Computer, electronics and Optical products",,,92.8,98.7,84.5,84.1,108.92,100.22,109.64,106.11,105.34,102.66,106.95,100.11,100,2,1
Table-2-for-year-2015-16.pdf,2015-16,92,T.V. sets,Nos.,0.03,35062,37261,31905,31754,41137,37852,41407,40074,39784,38770,40392,37807,453205,2,1
Table-2-for-year-2015-16.pdf,2015-16,,Manufacture of Electrical Equipment,,2.05,94.6,91.8,88.3,92.3,83.92,92.85,84.75,100.62,115.52,122.33,121.43,111.55,100,2,1
Table-2-for-year-2015-16.pdf,2015-16,93,Refrigerators,Nos.,0.25,121839,111680,104541,107923,95356,88458,105185,124636,148647,161545,154477,153026,1477313,2,1
Table-2-for-year-2015-16.pdf,2015-16,94,Electric transformers,Nos.,0.35,2333,1937,2254,2199,2302,3369,1842,2581,3244,3334,3276,4087,32758,2,1
Table-2-for-year-2015-16.pdf,2015-16,95,Deepfreezers,Nos.,0.17,9956,4692,8945,3982,1877,1993,3611,7215,12935,16405,19999,10772,102382,2,1
Table-2-for-year-2015-16.pdf,2015-16,96,Switch gears,Nos.,0,1310,1380,1154,1028,864,980,1171,927,1235,1139,1122,694,13004,2,1
Table-2-for-year-2015-16.pdf,2015-16,97,Electric fans,Nos.,0.08,154631,126739,119113,101669,109797,127878,138984,157466,247706,260858,265798,222802,2033441,2,1
Table-2-for-year-2015-16.pdf,2015-16,98,Electric meters,Nos.,0.16,90373,96325,74257,116338,126871,108988,85307,123766,131445,129135,122847,104451,1310103,2,1
Table-2-for-year-2015-16.pdf,2015-16,99,Airconditioners,Nos.,0.09,38814,26166,21519,19706,9301,6734,10520,34133,51288,59558,59117,51653,388509,2,1
Table-2-for-year-2015-16.pdf,2015-16,100,Electric bulbs,`000' Nos.,0.02,4580,4823,4646,4498,5257,6495,6444,6055,5334,7118,9402,9263,73915,2,1
Table-2-for-year-2015-16.pdf,2015-16,101,Electric motors (including Insulated wire & cable),,0.43,695,737,485,665,705,676,518,592,607,559,578,502,7319,2,1
Table-2-for-year-2015-16.pdf,2015-16,102,Electric tubes,`000' Metre,0,0,0,0,0,0,0,0,0,0,0,0,0,0,2,1
Table-2-for-year-2015-16.pdf,2015-16,103,Storagae batteries,Nos.,0.51,6425,8494,9231,9320,6987,8640,10173,9254,8503,9121,7784,7782,101714,2,1
Table-2-for-year-2015-16.pdf,2015-16,104,Generating sets,Nos.,0,1,0,0,0,0,0,0,0,0,0,0,0,1,2,1
Table-2-for-year-2015-16.pdf,2015-16,,Manufacture of Machinery and Equipment n.e.c,,0.39,95.8,90.6,75.5,81.9,85.5,34.15,50.85,112.68,148.82,154.22,154.23,115.67,100,2,1
Table-2-for-year-2015-16.pdf,2015-16,105,Tractors,Nos,0.34,2721,2573,2022,2418,2517,813,1418,3124,4336,4673,4735,3564,34914,2,1
Table-2-for-year-2015-16.pdf,2015-16,106,Heavy machinery & equipment,MT,0.03,535,530,510,274,281,258,298,640,370,543,543,358,5140,2,1
Table-2-for-year-2015-16.pdf,2015-16,107,Sewing machines,Nos.,0,2269,1279,1098,1379,1313,1575,690,638,738,646,960,880,13465,2,1
Table-2-for-year-2015-16.pdf,2015-16,108,Power looms,Nos.,0,33,29,26,39,44,30,30,36,36,43,38,46,430,2,1
Table-2-for-year-2015-16.pdf,2015-16,111,Sugarcane machines,Nos.,0,1,0,31,19,39,35,8,24,14,4,4,4,183,2,1
Table-2-for-year-2015-16.pdf,2015-16,112,Wheat thrashers,Nos.,0.01,32,32,34,25,16,21,21,65,134,38,11,12,441,2,1
Table-2-for-year-2015-16.pdf,2015-16,113,Chaff cutters,Nos.,0,1908,1965,1762,1681,1628,1543,1622,1612,1569,1419,1140,1119,18968,2,1
Table-2-for-year-2015-16.pdf,2015-16,114-115,Jeeps & Cars,Nos,2.71,13076,16932,15412,15669,15948,15931,17406,11961,15353,15514,15161,12354,180717,2,1
Table-2-for-year-2015-16.pdf,2015-16,114,Jeeps,Nos,0,82,130,75,54,69,44,73,53,41,50,26,76,773,2,1
Table-2-for-year-2015-16.pdf,2015-16,115,Cars,Nos,0,12994,16802,15337,15615,15879,15887,17333,11908,15312,15464,15135,12278,179944,2,1
Table-2-for-year-2015-16.pdf,2015-16,116,L.C.V.'s,Nos,0.04,3238,4083,3764,3898,4011,3767,4544,1958,2362,2174,2285,2334,38418,2,1
Table-2-for-year-2015-16.pdf,2015-16,117,Trucks,Nos,0.19,417,475,435,492,508,572,629,702,664,629,689,725,6937,2,1
Table-2-for-year-2015-16.pdf,2015-16,118,Buses,Nos,0.15,83,123,66,143,129,109,110,124,113,150,159,85,1394,2,1
Table-2-for-year-2015-16.pdf,2015-16,119,Diesel engines,Nos.,0,42,50,20,50,20,100,36,39,18,18,35,40,468,2,1
Table-2-for-year-2015-16.pdf,2015-16,,Manufacture of other transport Equipment,,0.69,90,103.5,94.5,100.7,96.18,91.61,105.99,95.05,101.63,104.96,107.09,108.81,100,2,1
Table-2-for-year-2015-16.pdf,2015-16,120,Motor cycles,Nos,0.68,155325,178748,163144,173803,165881,157921,183060,163919,175384,181225,184888,187825,2071123,2,1
Table-2-for-year-2015-16.pdf,2015-16,121,Bicycles,Nos.,0.01,15464,16020,15419,16002,17039,16859,16466,16816,17075,16746,17200,17860,198966,2,1
Table-2-for-year-2015-16.pdf,2015-16,122,Furniture,TH.NO,0.51,32,14,39,35,30,29,20,13,48,42,30,39,371,2,1
Table-2-for-year-2015-16.pdf,2015-16,123,Foot balls,TH.NO,0.32,276,268,235,249,274,345,283,324,318,331,299,291,3493,2,1
Table-2-for-year-2016-17.pdf,2016-17,3-Jan,,"Sugar, Bakery products and Chocolate & sugar confectionery",3.43,0,0,0,0,210278,1199279,1483452,1507008,2001381,568227,74685,4248,7048558,1,1
Table-2-for-year-2016-17.pdf,2016-17,2,Bakery products,MT,0,0,0,0,0,0,0,0,0,0,0,0,0,0,1,1
Table-2-for-year-2016-17.pdf,2016-17,3,Chocolate & sugar confectionery,MT,0,0,0,0,0,0,0,0,0,0,0,0,0,0,1,1
Table-2-for-year-2016-17.pdf,2016-17,4,Cooking oil,MT,1.48,29215,31316,30667,31419,32221,33689,33761,32643,33163,32227,35799,33848,389968,1,1
Table-2-for-year-2016-17.pdf,2016-17,5,Vegetable ghee,000 L,1.38,99296,101624,101477,101434,112222,113245,111170,103352,108404,105245,113789,108828,1280086,1,1
Table-2-for-year-2016-17.pdf,2016-17,7-Jun,Wheat & Rice Milling,MT,3.66,414215,467485,464548,470405,493672,465099,492187,448886,458480,428904,450616,446520,5501017,1,1
Table-2-for-year-2016-17.pdf,2016-17,9-Aug,Starch & its products,MT,0.27,27071,28469,27872,27389,29655,28734,28958,28801,31791,30827,31640,27343,348550,1,1
Table-2-for-year-2016-17.pdf,2016-17,8,Starch,MT,0,17034,17413,16188,15022,15227,14878,15228,15687,18719,18585,19069,16612,199662,1,1
Table-2-for-year-2016-17.pdf,2016-17,9,Glucose,MT,0,10037,11056,11684,12367,14428,13856,13730,13114,13072,12242,12571,10731,148888,1,1
Table-2-for-year-2016-17.pdf,2016-17,10,Tea blended,MT,0.48,11179,12055,12102,12393,13039,13395,11042,13400,13713,11867,13095,11811,149091,1,1
Table-2-for-year-2016-17.pdf,2016-17,12-Nov,Soft drinks and Mineral waters,000' Litres,1.63,321934,336089,323268,273635,178025,141412,215596,264790,269352,266397,290782,291122,3172401,1,1
Table-2-for-year-2016-17.pdf,2016-17,13-15,"Juices, syrups & squashes",000 L,2.21,33395,36012,33954,29743,22576,20048,22691,28962,34968,41362,44630,42903,391244,1,1
Table-2-for-year-2016-17.pdf,2016-17,13,Fruit Juices,000 L,0,29370,30890,30267,27210,21004,18270,19666,26022,31166,34459,36698,34926,339948,1,1
Table-2-for-year-2016-17.pdf,2016-17,14,Syrups & squashes,000 L,0,4025,5122,3687,2533,1572,1778,3025,2940,3802,6903,7932,7977,51296,1,1
Table-2-for-year-2016-17.pdf,2016-17,15,Preserved Milk,000 L,0,0,0,0,0,0,0,0,0,0,0,0,0,0,1,1
Table-2-for-year-2016-17.pdf,2016-17,16,Liquors,000 L,0,79,79,79,79,79,79,79,79,79,79,79,79,954,1,1
Table-2-for-year-2016-17.pdf,2016-17,17,Cigarettes,Mil. Nos.,2.07,1773,3403,2336,3971,4031,1570,2239,2861,2493,3569,1940,4155,34341,1,1
Table-2-for-year-2016-17.pdf,2016-17,18-19,Yarn,MT,8.88,284623,284315,285050,285600,285125,286450,286900,287100,287450,284975,285460,285025,3428073,1,1
Table-2-for-year-2016-17.pdf,2016-17,20-21,Cloth,000 Sq M,7.29,87050,87150,87200,87050,86800,86950,87250,87300,87500,86315,86700,86075,1043340,1,1
Table-2-for-year-2016-17.pdf,2016-17,22-24,JUTE GOODS (TOTAL),MT,0.33,2680,3144,2782,4040,4336,4953,6352,6421,7085,6539,6379,5179,59890,1,1
Table-2-for-year-2016-17.pdf,2016-17,22,Hessian,MT,0,771,977,685,939,896,873,822,731,683,584,738,767,9466,1,1
Table-2-for-year-2016-17.pdf,2016-17,23,Sacking,MT,0,1354,1308,1209,1596,1957,2624,3973,4419,5262,4936,4688,3459,36785,1,1
Table-2-for-year-2016-17.pdf,2016-17,24,Others,MT,0,555,859,888,1505,1483,1456,1557,1271,1140,1019,953,953,13639,1,1
Table-2-for-year-2016-17.pdf,2016-17,25,Terry towels & Bath robes,MT,0.59,14034,13338,14918,16566,18106,14162,16555,17221,17245,19092,15717,20048,197002,1,1
Table-2-for-year-2016-17.pdf,2016-17,26,Woollen & carpet yarn,MT,0.05,150,134,135,137,134,184,186,164,171,174,187,163,1919,1,1
Table-2-for-year-2016-17.pdf,2016-17,27,Woolen & worsted cloth,000 Sq M,0.09,97,144,114,135,165,145,149,144,162,176,163,84,1678,1,1
Table-2-for-year-2016-17.pdf,2016-17,28,Knitting wool,MT,0.01,158,162,159,161,161,155,158,160,165,146,144,169,1898,1,1
Table-2-for-year-2016-17.pdf,2016-17,29,Woolen blankets,Nos,0.91,6378,1351,1183,3941,4095,1778,1778,1778,2039,1736,3872,2572,32501,1,1
Table-2-for-year-2016-17.pdf,2016-17,30,Garments,000' Dozen,6.08,2449,2768,2469,2883,2897,3123,3034,3086,3278,2742,2836,3593,35158,1,1
Table-2-for-year-2016-17.pdf,2016-17,31,Upper leather,000 Sq M,0.4,2070,2054,2134,2295,2293,2254,2221,2252,2220,2032,2126,2181,26132,1,1
Table-2-for-year-2016-17.pdf,2016-17,32,Sole leather,,0,12,12,12,12,12,12,14,14,14,14,14,14,156,1,1
Table-2-for-year-2016-17.pdf,2016-17,33,Footwear,`000' Pairs,0.83,3585,2857,3100,3193,3408,3692,4825,4291,3716,3937,4223,4649,45476,1,1
Table-2-for-year-2016-17.pdf,2016-17,34,Plywood,000 Sq Ft,0.09,1608,1647,2539,2584,2390,1805,1817,1816,1815,1752,1863,1922,23558,1,1
Table-2-for-year-2016-17.pdf,2016-17,35,Chip Board,MT,0.09,0,0,0,0,0,0,0,0,0,0,0,0,0,1,1
Table-2-for-year-2016-17.pdf,2016-17,36-39,Paper,,0,17145,19589,21679,20436,22853,23111,23626,24770,26093,22494,24194,17886,263876,1,1
Table-2-for-year-2016-17.pdf,2016-17,,Paper Board,,0,29095,35064,32975,34444,31151,35066,35520,33194,35832,35679,34443,32162,404625,1,1
Table-2-for-year-2016-17.pdf,2016-17,40,Corrugated paper/ paperboard,,0,0,0,0,0,0,0,0,0,0,0,0,0,0,1,1
Table-2-for-year-2016-17.pdf,2016-17,41,Coke,MT,0,0,0,0,0,0,0,0,0,0,0,0,0,0,1,1
Table-2-for-year-2016-17.pdf,2016-17,42-52,Petroleum Products,000 L,6.66,102.8,97.8,106.2,104.3,101.9,105.9,95.5,96.9,95.2,106.4,108.9,104.6,102.2,1,1
Table-2-for-year-2016-17.pdf,2016-17,42,Jet fuel oil,000 L,0.47,95771,88682,97442,103891,88835,90501,87485,99681,97638,92595,98990,93354,1134864,1,1
Table-2-for-year-2016-17.pdf,2016-17,43,Kerosene oil,000 L,0.08,8879,14527,12692,17156,14013,13169,19871,8394,11125,13582,15306,12383,161097,1,1
Table-2-for-year-2016-17.pdf,2016-17,44,Motor spirits,000 L,1.08,206863,187747,203790,211330,202689,219242,206594,195017,196589,226775,236322,225000,2517957,1,1
Table-2-for-year-2016-17.pdf,2016-17,45,High speed diesel,000 L,2.51,466087,446584,484917,449356,463708,471868,408769,429555,399614,484182,487516,474365,5466522,1,1
Table-2-for-year-2016-17.pdf,2016-17,46,Diesel oil n.o.s.,000 L,0.02,1520,1966,1322,3207,1203,3277,1842,2605,2818,2589,3456,2963,28770,1,1
Table-2-for-year-2016-17.pdf,2016-17,47,Furnace oil,000 L,0.96,290128,249833,281489,287227,273080,296916,250851,249667,223935,263268,269423,279551,3215366,1,1
Table-2-for-year-2016-17.pdf,2016-17,48,Lubricating oil,000 L,0.18,18784,19024,19876,18080,16532,21359,20990,17297,19518,18204,14675,12471,216810,1,1
Table-2-for-year-2016-17.pdf,2016-17,49,Jute batching oil,000 L,0,134,192,8,289,199,170,172,306,336,290,203,296,2596,1,1
Table-2-for-year-2016-17.pdf,2016-17,50,Solvant Naptha,000 L,0.95,88902,83285,95404,84021,85428,80356,80165,86372,95754,84410,85312,76774,1026183,1,1
Table-2-for-year-2016-17.pdf,2016-17,51,LPG,000 L,0.22,32079,38267,39471,41225,41095,43508,41042,40922,38819,46224,50686,48031,501370,1,1
Table-2-for-year-2016-17.pdf,2016-17,52,Petroleum prods: n.o.s.,000 L,0.18,22568,34188,28355,37461,32004,32869,19200,22311,30597,34859,38168,34879,367459,1,1
Table-2-for-year-2016-17.pdf,2016-17,53-64,Chemicals Products,,2.55,96.2,105.31,89.94,93.82,93.4,90.16,87.51,89.07,96.41,93.12,96.1,93.7,93.7,1,1
Table-2-for-year-2016-17.pdf,2016-17,53,Caustic soda,MT,0.23,16490,15117,16606,19382,18913,16922,17760,19095,20764,20780,21052,20974,223855,1,1
Table-2-for-year-2016-17.pdf,2016-17,54,Toilet soaps,MT,0.73,8126,8285,7747,8099,7926,7656,7603,7542,7651,8253,8425,8570,95883,1,1
Table-2-for-year-2016-17.pdf,2016-17,55,Soaps & detergents,MT,0.26,30314,30370,27996,30355,31221,27803,28903,28812,29769,29533,30604,30970,356650,1,1
Table-2-for-year-2016-17.pdf,2016-17,56,Paints & varnishes(L),`000' Litres,0.54,4307,4552,4202,4194,4262,3850,4031,4151,4057,3809,4142,3725,49282,1,1
Table-2-for-year-2016-17.pdf,2016-17,57,Paints & varnishes(S),Tonnes,0.18,4149,4330,4191,3784,4176,3655,3629,3872,4284,4449,4409,4245,49173,1,1
Table-2-for-year-2016-17.pdf,2016-17,58,Soda ash,MT,0.08,38962,40376,39575,41149,41134,42247,42506,33550,38720,39552,41880,40067,479718,1,1
Table-2-for-year-2016-17.pdf,2016-17,59,Sulphuric acid,MT,0.41,5498,8323,3982,4200,3927,4859,3469,3728,5581,4152,4187,4073,55979,1,1
Table-2-for-year-2016-17.pdf,2016-17,60,Synthetic fibres,MT,0.01,39900,40635,40105,43371,41778,41790,42256,41160,42362,41120,41862,38512,494851,1,1
Table-2-for-year-2016-17.pdf,2016-17,61,Matches,Mil. Boxes,0.03,450,529,432,490,471,502,507,493,484,432,420,297,5507,1,1
Table-2-for-year-2016-17.pdf,2016-17,62,Hydrochloric acid,MT,0.06,13206,14317,15467,16306,15709,16706,13493,15717,16985,12568,13640,12629,176743,1,1
Table-2-for-year-2016-17.pdf,2016-17,63,Polishes & creams,Kgs.,0.01,75632,89110,49573,73578,76426,77190,68582,60625,117968,111229,78310,117094,995317,1,1
Table-2-for-year-2016-17.pdf,2016-17,64,Chlorine,MT,0,1305,1499,1434,1427,1481,1466,1500,1401,1399,1177,1124,1103,16316,1,1
Table-2-for-year-2016-17.pdf,2016-17,65-71,Fertilizers,,3.93,104,107.92,109.09,105.51,105.27,100.08,77.57,88.85,112.12,91.85,114.1,103.9,101.7,1,1
Table-2-for-year-2016-17.pdf,2016-17,65-67,Phos. fertilizers,NT,0.5,53119,63071,62439,64058,58979,57719,25707,55066,63565,54631,63918,60518,682790,1,1
Table-2-for-year-2016-17.pdf,2016-17,68-71,Nit. fertilizers,NT,3.43,264338,269171,272958,261562,264250,250122,206486,219524,280931,228447,286337,259156,3063282,1,1
Table-2-for-year-2016-17.pdf,2016-17,,Quantity,,,-16,-16,-16,-16,-16,-16,-17,-17,-17,-17,-17,-17,,2,1
Table-2-for-year-2016-17.pdf,2016-17,Manufacturing of Pharmaceuticals Products,5.15,,,99.8,102,103.9,108.6,110.2,112.58,112.72,112.97,113.89,113.35,112.34,111.7,109.51,2,1
Table-2-for-year-2016-17.pdf,2016-17,73,Liquids/syrups `000' Litres,,,8835,9162,9123,10087,10296,10250,10035,9924,10032,9931,9743,9666,117084,2,1
Table-2-for-year-2016-17.pdf,2016-17,74,Injections `000' Nos.,,,94323,94365,92750,97882,98197,98502,102005,109553,106302,106961,106069,105749,1212658,2,1
Table-2-for-year-2016-17.pdf,2016-17,75,Capsules `000' Nos.,,,256974,265063,259138,274199,279765,293038,301347,306158,316283,318694,314501,312556,3497716,2,1
Table-2-for-year-2016-17.pdf,2016-17,76,Galenicals (tincture) `000' Litres,,,1,4,4,4,3,54,51,49,49,42,40,42,343,2,1
Table-2-for-year-2016-17.pdf,2016-17,77,Ointments `000' Kgs.,,,278,275,297,313,316,388,383,382,381,317,322,319,3970,2,1
Table-2-for-year-2016-17.pdf,2016-17,Manufacturing of Rubber Products,0.24,,,103.4,103.7,99,98.2,100.51,98.11,98.79,96.81,101.01,101.53,98.57,95.44,99.59,2,1
Table-2-for-year-2016-17.pdf,2016-17,78,Cycle tyres `000' Nos.,,,326,339,348,372,380,316,317,317,301,309,301,304,3930,2,1
Table-2-for-year-2016-17.pdf,2016-17,79,Cycle tubes `000' Nos.,,,598,640,661,677,684,623,621,624,605,617,605,622,7577,2,1
Table-2-for-year-2016-17.pdf,2016-17,80,Motor tyres `000' Nos.,,,841,843,803,795,814,798,803,787,823,826,802,776,9710,2,1
Table-2-for-year-2016-17.pdf,2016-17,81,Motor tubes `000' Nos.,,,2067,2079,2101,2056,2052,2026,2025,2026,2050,2051,2050,2052,24635,2,1
Table-2-for-year-2016-17.pdf,2016-17,Manufacturing of Non Metalic Mineral Products,5.01,,,80.1,107.4,95.7,106.9,114.48,110.03,102.61,102.62,118.1,111.16,109.98,90.25,104.11,2,1
Table-2-for-year-2016-17.pdf,2016-17,82,Glass plates & sheets 000 Sq M,,,1277,1052,646,787,733,988,1320,800,1080,832,1032,924,11471,2,1
Table-2-for-year-2016-17.pdf,2016-17,83,Cement 000 MT,,,2245,3166,2891,3214,3468,3266,2951,3075,3501,3339,3254,2652,37022,2,1
Table-2-for-year-2016-17.pdf,2016-17,Manufacturing of Iron & Steel Products,MT,,,105.3,101,103.3,106,113.82,115.22,118.97,122.3,131.91,143.84,124.62,127.84,117.85,2,1
Table-2-for-year-2016-17.pdf,2016-17,84,Pig iron MT,,,0,0,0,0,0,0,0,0,0,0,0,0,0,2,1
Table-2-for-year-2016-17.pdf,2016-17,85,Billets/Ingots MT,,,273000,290000,280000,285000,335000,342000,380000,408000,424000,482000,285000,315000,4099000,2,1
Table-2-for-year-2016-17.pdf,2016-17,86-88,H/C.R.Sheets/Strips/Coils/plates etc MT,,,282000,260000,272000,280000,290000,292500,292200,294000,323000,345000,347500,348200,3626400,2,1
Table-2-for-year-2016-17.pdf,2016-17,Manufacture of Fabricated Metal,0.42,,,94.6,103.3,89.7,102.1,116.37,108.47,108.55,115.94,118.01,112.61,113.61,100.83,107.01,2,1
Table-2-for-year-2016-17.pdf,2016-17,89,Metal drums MT,,,20,20,21,36,47,23,36,61,52,50,45,42,453,2,1
Table-2-for-year-2016-17.pdf,2016-17,90-91,Safety razer blades and Cutlery `000' Nos.,,,149058,163744,140114,152188,169916,170784,163167,160835,169717,161727,166411,146454,1914115,2,1
Table-2-for-year-2016-17.pdf,2016-17,,"Manufacture of Computer, electronics and Optical products",,,91.2,92,95.1,91.6,84.32,98.16,94.77,103.32,105.35,101.65,104.54,100.04,96.84,2,1
Table-2-for-year-2016-17.pdf,2016-17,92,T.V. sets Nos.,,,34447,34763,35900,34590,31845,37071,35790,39022,39788,38390,39481,37782,438869,2,1
Table-2-for-year-2016-17.pdf,2016-17,Manufacture of Electrical Equipment,2.05,,,102.1,105.7,100.1,98.2,103.06,107.86,97.36,125.31,130.28,137.31,168.52,157.2,119.41,2,1
Table-2-for-year-2016-17.pdf,2016-17,93,Refrigerators Nos.,,,154660,160641,114265,122201,133529,128155,128876,180130,175018,191611,192129,153235,1834450,2,1
Table-2-for-year-2016-17.pdf,2016-17,94,Electric transformers Nos.,,,2212,2237,2239,1907,2143,1806,2038,2100,2107,3297,7452,7457,36995,2,1
Table-2-for-year-2016-17.pdf,2016-17,95,Deepfreezers Nos.,,,10124,10532,6860,7274,4438,6502,6704,14567,15959,15583,16965,14496,130004,2,1
Table-2-for-year-2016-17.pdf,2016-17,96,Switch gears Nos.,,,615,980,1093,1162,1080,1132,1135,1025,938,935,1042,1036,12173,2,1
Table-2-for-year-2016-17.pdf,2016-17,97,Electric fans Nos.,,,199842,179204,175320,162440,131852,145945,161600,213579,232758,293237,313037,314337,2523151,2,1
Table-2-for-year-2016-17.pdf,2016-17,98,Electric meters Nos.,,,108185,100125,97820,123361,170990,178487,180405,180778,187694,208376,200908,186247,1923376,2,1
Table-2-for-year-2016-17.pdf,2016-17,99,Airconditioners Nos.,,,39738,19960,9567,8660,7949,6886,7391,58798,77072,78025,87721,68857,470624,2,1
Table-2-for-year-2016-17.pdf,2016-17,100,Electric bulbs `000' Nos.,,,9064,5869,5598,5251,4798,5935,6363,5921,5526,5560,6360,6149,72394,2,1
Table-2-for-year-2016-17.pdf,2016-17,101,Electric motors (including Insulated wire & cable) Nos.,,,630,732,773,769,740,752,522,791,827,854,914,902,9206,2,1
Table-2-for-year-2016-17.pdf,2016-17,102,Electric tubes `000' Metre,,,0,0,0,0,0,0,0,0,0,0,0,0,0,2,1
Table-2-for-year-2016-17.pdf,2016-17,103,Storagae batteries Nos.,,,7807,8865,9752,8989,10141,11530,9836,9213,9100,7238,7501,7069,107041,2,1
Table-2-for-year-2016-17.pdf,2016-17,104,Generating sets Nos.,,,0,0,0,0,0,0,0,0,0,0,0,0,0,2,1
Table-2-for-year-2016-17.pdf,2016-17,Manufacture of Machinery and Equipment n.e.c,0.39,,,71.4,90.2,82.7,138,173.96,142.98,150.57,177.83,204.4,203.93,182.26,128.79,145.58,2,1
Table-2-for-year-2016-17.pdf,2016-17,105,Tractors Nos,,,2067,2717,2453,4225,5427,4447,4647,5519,6436,6365,5746,3926,53975,2,1
Table-2-for-year-2016-17.pdf,2016-17,106,Heavy machinery & equipment MT,,,408,360,339,418,353,330,346,357,350,352,348,348,4309,2,1
Table-2-for-year-2016-17.pdf,2016-17,107,Sewing machines Nos.,,,870,575,487,1828,2760,1771,2512,2897,583,2920,602,485,18290,2,1
Table-2-for-year-2016-17.pdf,2016-17,108,Power looms Nos.,,,43,46,34,40,32,35,37,37,37,41,46,50,478,2,1
Table-2-for-year-2016-17.pdf,2016-17,109-110 Bobbins & Shuttles,000 Nos.,,,6,6,5,6,6,6,6,6,6,6,8,6,73,2,1
Table-2-for-year-2016-17.pdf,2016-17,111,Sugarcane machines Nos.,,,5,5,11,12,8,8,25,26,26,27,31,28,212,2,1
Table-2-for-year-2016-17.pdf,2016-17,112,Wheat thrashers Nos.,,,9,13,20,15,24,18,15,22,31,31,8,28,234,2,1
Table-2-for-year-2016-17.pdf,2016-17,113,Chaff cutters Nos.,,,1206,1272,1590,1329,1451,1384,1032,1168,1170,1179,1264,1189,15234,2,1
Table-2-for-year-2016-17.pdf,2016-17,Manufacturing of Automobiles,3.1,,,86,114.8,99.6,104.3,107.92,104.06,116.16,113.36,124.51,116.75,127.74,84.97,108.34,2,1
Table-2-for-year-2016-17.pdf,2016-17,114-115,Jeeps & Cars Nos,,,12609,16897,14591,15312,16124,15131,18044,17375,18858,17581,19114,12360,193996,2,1
Table-2-for-year-2016-17.pdf,2016-17,114,Jeeps Nos,,,59,82,78,0,0,2,207,152,232,860,1020,838,3530,2,1
Table-2-for-year-2016-17.pdf,2016-17,115,Cars Nos,,,12550,16815,14513,15312,16124,15129,17837,17223,18626,16721,18094,11522,190466,2,1
Table-2-for-year-2016-17.pdf,2016-17,116,L.C.V.'s Nos,,,2201,3099,2436,1704,1957,2281,2323,2291,2322,2237,2630,1791,27272,2,1
Table-2-for-year-2016-17.pdf,2016-17,117,Trucks Nos,,,605,789,720,750,787,810,658,586,790,865,1009,742,9111,2,1
Table-2-for-year-2016-17.pdf,2016-17,118,Buses Nos,,,128,163,142,148,105,141,75,117,122,95,104,97,1437,2,1
Table-2-for-year-2016-17.pdf,2016-17,119,Diesel engines Nos.,,,9,9,62,172,236,253,53,112,162,162,161,163,1554,2,1
Table-2-for-year-2016-17.pdf,2016-17,Manufacture of other transport Equipment,0.69,,,95.5,118.1,108.2,123.9,125.52,116.96,135.26,121.67,123.61,125.31,133.69,118.52,120.52,2,1
Table-2-for-year-2016-17.pdf,2016-17,120,Motor cycles Nos,,,164782,204231,186939,214387,217207,202262,234085,210317,213693,216648,231295,204804,2500650,2,1
Table-2-for-year-2016-17.pdf,2016-17,121,Bicycles Nos.,,,15807,15917,15910,15910,15990,16033,17067,17461,17577,17589,17476,17481,200218,2,1
Table-2-for-year-2016-17.pdf,2016-17,Manufacture of furniture,0.51,,,74.4,100.3,58.2,110,38.81,100.27,58.22,35.58,42.05,35.58,35.58,48.52,61.46,2,1
Table-2-for-year-2016-17.pdf,2016-17,122,Furniture TH.NO,,,23,31,18,34,12,31,18,11,13,11,11,15,228,2,1
Table-2-for-year-2016-17.pdf,2016-17,Other manufacturing,0.32,,,84.2,72.8,63.9,84.5,56.34,95.85,75.58,91.38,111.31,118.52,77.64,101,86.09,2,1
Table-2-for-year-2016-17.pdf,2016-17,123,Foot balls TH.NO,,,245,212,186,246,164,279,220,266,324,345,226,294,3007,2,1
Table-2-for-year-2017-18.pdf,2017-18,3-Jan,,"Sugar, Bakery products and Chocolate & sugar confectionery",3.43,0,0,0,0,40000,843165,1745394,1433016,1592014,810800,91525,9903,6565817,1,1
Table-2-for-year-2017-18.pdf,2017-18,2,Bakery products,MT,0,0,0,0,0,0,0,0,0,0,0,0,0,0,1,1
Table-2-for-year-2017-18.pdf,2017-18,3,Chocolate & sugar,MT,0,0,0,0,0,0,0,0,0,0,0,0,0,0,1,1
Table-2-for-year-2017-18.pdf,2017-18,4,Cooking oil,MT,1.48,32331,33077,28957,31145,30467,41998,34941,31412,29883,34347,33044,29745,391347,1,1
Table-2-for-year-2017-18.pdf,2017-18,5,Vegetable ghee,000 L,1.38,113356,115964,107772,116034,107891,120193,114510,108761,107369,117480,107990,109454,1346774,1,1
Table-2-for-year-2017-18.pdf,2017-18,7-Jun,Wheat & Rice Milling,MT,3.66,474551,500737,430627,468724,461056,461815,471684,423708,440721,454278,451599,471121,5510621,1,1
Table-2-for-year-2017-18.pdf,2017-18,9-Aug,Starch & its products,MT,0.27,29972,30935,29233,31499,30225,30857,32157,31920,30612,31175,28218,29924,366727,1,1
Table-2-for-year-2017-18.pdf,2017-18,8,Starch,MT,0,17869,18406,16820,17563,16123,15923,17261,17714,18061,18438,16774,17619,208571,1,1
Table-2-for-year-2017-18.pdf,2017-18,9,Glucose,MT,0,12103,12529,12413,13936,14102,14934,14896,14206,12551,12737,11444,12305,158156,1,1
Table-2-for-year-2017-18.pdf,2017-18,10,Tea blended,MT,0.48,11758,12238,10267,13246,14465,19933,14124,13478,14133,11242,10829,9907,155620,1,1
Table-2-for-year-2017-18.pdf,2017-18,12-Nov,Soft drinks and Mineral waters,000 Litres,1.63,337080,359574,310159,249611,156906,120223,142077,189798,265936,291173,299319,301903,3023758,1,1
Table-2-for-year-2017-18.pdf,2017-18,13-15,"Juices, syrups & squashes",000 L,2.21,37058,36734,31661,30416,24198,23234,26460,29349,36656,49620,48579,41328,415293,1,1
Table-2-for-year-2017-18.pdf,2017-18,13,Fruit Juices,000 L,0,32119,31690,27489,28069,22708,21700,22926,25767,25924,38947,31747,30457,339543,1,1
Table-2-for-year-2017-18.pdf,2017-18,14,Syrups & squashes,000 L,0,4939,5044,4172,2347,1490,1534,3534,3582,10732,10673,16832,10871,75750,1,1
Table-2-for-year-2017-18.pdf,2017-18,15,Preserved Milk,000 L,0,0,0,0,0,0,0,0,0,0,0,0,0,0,1,1
Table-2-for-year-2017-18.pdf,2017-18,16,Liquors,000 L,0,79,79,79,79,79,79,79,79,79,79,79,79,954,1,1
Table-2-for-year-2017-18.pdf,2017-18,17,Cigarettes,Mil. Nos.,2.07,5448,5100,3877,5225,4878,4479,5184,5198,6238,6277,5569,1585,59058,1,1
Table-2-for-year-2017-18.pdf,2017-18,18-19,Yarn,MT,8.88,284640,284935,285175,285630,285450,286535,286925,287450,287475,285125,285470,285240,3430050,1,1
Table-2-for-year-2017-18.pdf,2017-18,20-21,Cloth,000 Sq M,7.29,87060,87085,87215,87100,86900,87000,87275,87400,87600,86405,86600,86100,1043740,1,1
Table-2-for-year-2017-18.pdf,2017-18,22-24,JUTE GOODS (TOTAL),MT,0.33,5861,6026,5159,5978,6048,6620,6936,6223,6883,6635,6673,5138,74180,1,1
Table-2-for-year-2017-18.pdf,2017-18,22,Hessian,MT,0,889,979,833,1011,1034,791,831,765,710,585,789,753,9970,1,1
Table-2-for-year-2017-18.pdf,2017-18,23,Sacking,MT,0,3707,3790,3008,3442,3313,4463,4975,4271,5038,4896,4954,3601,49458,1,1
Table-2-for-year-2017-18.pdf,2017-18,24,Others,MT,0,1265,1257,1318,1525,1701,1366,1130,1187,1135,1154,930,784,14752,1,1
Table-2-for-year-2017-18.pdf,2017-18,25,Terry towels & Bath robes,MT,0.59,13456,18025,18997,15205,20245,17361,17896,15389,17663,16761,16659,15512,203169,1,1
Table-2-for-year-2017-18.pdf,2017-18,26,Woollen & carpet yarn,MT,0.05,170,167,186,193,204,210,196,188,176,184,176,169,2219,1,1
Table-2-for-year-2017-18.pdf,2017-18,27,Woolen & worsted cloth,000 Sq M,0.09,384,134,119,130,131,138,154,150,166,176,187,122,1991,1,1
Table-2-for-year-2017-18.pdf,2017-18,28,Knitting wool,MT,0.01,168,175,136,135,134,144,151,133,147,145,163,163,1794,1,1
Table-2-for-year-2017-18.pdf,2017-18,29,Woolen blankets,Nos,0.91,5219,3609,5171,2166,1415,2529,3954,2529,2702,393,1392,1477,32556,1,1
Table-2-for-year-2017-18.pdf,2017-18,30,Garments,000' Dozen,6.08,3102,3005,2833,3071,3295,3563,3806,3178,3437,3339,3554,3845,40028,1,1
Table-2-for-year-2017-18.pdf,2017-18,31,Upper leather,000 Sq M,0.4,2216,2177,2179,2376,2230,2283,2281,2232,2171,2074,2155,2090,26464,1,1
Table-2-for-year-2017-18.pdf,2017-18,32,Sole leather,,0,14,14,14,14,14,14,14,14,14,14,14,14,168,1,1
Table-2-for-year-2017-18.pdf,2017-18,33,Footwear,`000' Pairs,0.83,3115,3177,2913,3513,3219,2914,3024,3099,3850,4062,4378,3312,40576,1,1
Table-2-for-year-2017-18.pdf,2017-18,34,Plywood,000 Sq Ft,0.09,1950,2061,1982,1893,1088,1292,1533,1869,801,802,838,865,16974,1,1
Table-2-for-year-2017-18.pdf,2017-18,35,Chip Board,MT,0.09,0,0,0,0,0,0,0,0,0,0,0,0,0,1,1
Table-2-for-year-2017-18.pdf,2017-18,36-39,Paper,,0,20744,20228,21410,22065,21341,24464,23595,25094,25138,24230,22902,22687,273898,1,1
Table-2-for-year-2017-18.pdf,2017-18,,Paper Board,,0,37212,36602,34347,38986,38088,39732,41401,38091,38238,37338,38855,38441,457331,1,1
Table-2-for-year-2017-18.pdf,2017-18,40,Corrugated paper/ paperboard,,0,0,0,0,0,0,0,0,0,0,0,0,0,0,1,1
Table-2-for-year-2017-18.pdf,2017-18,41,Coke,MT,0,0,0,0,0,0,0,0,0,0,0,0,0,0,1,1
Table-2-for-year-2017-18.pdf,2017-18,42-52,Petroleum Products,000 L,6.66,107.7,125.7,114.5,127.7,99.5,96.5,112.6,111.8,122.2,126,128.3,116.3,115.7,1,1
Table-2-for-year-2017-18.pdf,2017-18,42,Jet fuel oil,000 L,0.47,83310,97125,93744,95991,80101,97850,96756,94013,108396,100646,101648,78566,1128146,1,1
Table-2-for-year-2017-18.pdf,2017-18,43,Kerosene oil,000 L,0.08,12826,11508,12552,14563,10102,12342,9110,10529,11606,9833,11891,14740,141600,1,1
Table-2-for-year-2017-18.pdf,2017-18,44,Motor spirits,000 L,1.08,237000,227532,231287,235875,214306,228671,234595,278731,283057,268276,273393,275714,2988436,1,1
Table-2-for-year-2017-18.pdf,2017-18,45,High speed diesel,000 L,2.51,474770,569125,527577,575324,445068,400706,515687,514216,542969,572544,588953,555621,6282558,1,1
Table-2-for-year-2017-18.pdf,2017-18,46,Diesel oil n.o.s.,000 L,0.02,2149,3413,3115,3114,1610,2245,2798,3132,3738,4467,3404,5183,38369,1,1
Table-2-for-year-2017-18.pdf,2017-18,47,Furnace oil,000 L,0.96,284513,357623,316674,359738,243295,207167,273406,245991,272015,312768,336518,268214,3477921,1,1
Table-2-for-year-2017-18.pdf,2017-18,48,Lubricating oil,000 L,0.18,17209,17951,14994,17693,9831,15932,17076,16324,18876,19439,17076,17802,200204,1,1
Table-2-for-year-2017-18.pdf,2017-18,49,Jute batching oil,000 L,0,161,266,117,294,221,313,147,201,289,363,181,277,2831,1,1
Table-2-for-year-2017-18.pdf,2017-18,50,Solvant Naptha,000 L,0.95,88552,124963,99400,123717,81262,77388,87903,58727,84590,93840,91193,73227,1084763,1,1
Table-2-for-year-2017-18.pdf,2017-18,51,LPG,000 L,0.22,52762,53828,42429,60817,56958,52415,57224,66599,73556,77951,71611,59023,725174,1,1
Table-2-for-year-2017-18.pdf,2017-18,52,Petroleum prods: n.o.s.,000 L,0.18,33780,36575,30619,37364,43121,43989,46643,51195,53920,43961,46012,39956,507136,1,1
Table-2-for-year-2017-18.pdf,2017-18,53-64,Chemicals Products,,2.55,94.2,95.22,99.24,93.9,82.68,89.94,84.25,82.18,89.3,85.53,87.1,85.3,89.1,1,1
Table-2-for-year-2017-18.pdf,2017-18,53,Caustic soda,MT,0.23,20459,19079,17392,19318,18301,26013,26122,21686,26698,27183,25298,22577,270126,1,1
Table-2-for-year-2017-18.pdf,2017-18,54,Toilet soaps,MT,0.73,8539,8536,11071,6223,5987,5977,5189,5227,6296,5804,6500,6455,81804,1,1
Table-2-for-year-2017-18.pdf,2017-18,55,Soaps & detergents,MT,0.26,32708,32369,29227,30138,30522,31556,29242,26611,29432,28833,29057,28463,358158,1,1
Table-2-for-year-2017-18.pdf,2017-18,56,Paints & varnishes(L),`000' Litres,0.54,3567,3867,3486,3622,3496,3437,3505,3585,3642,3758,3513,3358,42836,1,1
Table-2-for-year-2017-18.pdf,2017-18,57,Paints & varnishes(S),Tonnes,0.18,4254,4699,4102,4620,3995,4361,4578,4181,4362,4333,4226,4219,51930,1,1
Table-2-for-year-2017-18.pdf,2017-18,58,Soda ash,MT,0.08,39999,39998,35794,41682,40475,42082,42944,39522,47544,46576,47425,45712,509753,1,1
Table-2-for-year-2017-18.pdf,2017-18,59,Sulphuric acid,MT,0.41,4041,4048,3966,7129,3915,4007,2759,3663,4267,3311,3909,3945,48960,1,1
Table-2-for-year-2017-18.pdf,2017-18,60,Synthetic fibres,MT,0.01,38635,38535,38114,37099,37654,15153,38856,37565,42402,42790,40394,40156,447353,1,1
Table-2-for-year-2017-18.pdf,2017-18,61,Matches,Mil. Boxes,0.03,551,521,499,527,500,511,644,528,475,472,376,483,6087,1,1
Table-2-for-year-2017-18.pdf,2017-18,62,Hydrochloric acid,MT,0.06,15935,14243,16717,19821,19698,37301,36746,33351,13768,14319,13584,15827,251310,1,1
Table-2-for-year-2017-18.pdf,2017-18,63,Polishes & creams,Kgs.,0.01,76388,90002,50069,74314,77191,77962,69267,61231,119148,112342,79093,118265,1005270,1,1
Table-2-for-year-2017-18.pdf,2017-18,64,Chlorine,MT,0,1172,1347,1364,1519,1441,1812,1623,1454,1251,1203,1181,1220,16587,1,1
Table-2-for-year-2017-18.pdf,2017-18,65-71,Fertilizers,,3.93,103.3,108.12,91.18,82.51,88.35,96.94,87.61,82.16,95.32,87.13,82.8,94.3,91.6,1,1
Table-2-for-year-2017-18.pdf,2017-18,65-67,Phos. fertilizers,NT,0.5,58625,63728,58553,58084,56672,52312,31046,50941,55540,30335,48615,54641,619092,1,1
Table-2-for-year-2017-18.pdf,2017-18,68-71,Nit. fertilizers,NT,3.43,258811,269311,223923,199229,217021,244671,231893,202963,237848,230989,206227,235593,2758479,1,1
Table-2-for-year-2017-18.pdf,2017-18,,Manufacturing of Pharmaceuticals Products,,5.15,112.9,113.9,86.9,115.5,119.39,118.27,106.49,115.98,121.23,111.85,105.53,98.86,110.57,2,1
Table-2-for-year-2017-18.pdf,2017-18,73,Liquids/syrups,`000' Litres,1.62,9761,9808,7199,10708,8670,8572,8613,8623,9785,9679,9607,9107,110132,2,1
Table-2-for-year-2017-18.pdf,2017-18,74,Injections,`000' Nos.,0.47,109055,110316,86387,115301,214346,210270,102306,190657,142298,141855,95651,89890,1608332,2,1
Table-2-for-year-2017-18.pdf,2017-18,75,Capsules,`000' Nos.,0.23,297606,312228,248148,341639,501311,533066,575048,477773,869635,443911,306934,260742,5168041,2,1
Table-2-for-year-2017-18.pdf,2017-18,76,Galenicals (tincture),`000' Litres,0.01,39,42,5,5,5,5,3,5,38,37,38,37,259,2,1
Table-2-for-year-2017-18.pdf,2017-18,77,Ointments,`000' Kgs.,0.1,328,330,263,366,298,298,297,297,300,306,300,257,3641,2,1
Table-2-for-year-2017-18.pdf,2017-18,,Manufacturing of Rubber Products,,0.24,102.7,104,98.3,107,110.31,109.45,111.31,106.81,107.68,109.44,106.39,102.37,106.31,2,1
Table-2-for-year-2017-18.pdf,2017-18,78,Cycle tyres,`000' Nos.,0.01,306,308,314,281,317,325,335,342,309,304,305,307,3753,2,1
Table-2-for-year-2017-18.pdf,2017-18,79,Cycle tubes,`000' Nos.,0,629,636,666,638,651,661,669,675,623,614,625,630,7717,2,1
Table-2-for-year-2017-18.pdf,2017-18,80,Motor tyres,`000' Nos.,0.24,837,847,799,873,899,891,906,868,878,893,867,834,10392,2,1
Table-2-for-year-2017-18.pdf,2017-18,81,Motor tubes,`000' Nos.,0,2052,2057,2056,2058,2057,2056,2056,2056,2054,2051,2056,2056,24665,2,1
Table-2-for-year-2017-18.pdf,2017-18,,Manufacturing of Non Metalic Mineral Products,,5.01,107.3,112.6,96,123.9,118.84,116.34,120.18,117.04,134.2,124.4,117.23,89.22,114.77,2,1
Table-2-for-year-2017-18.pdf,2017-18,82,Glass plates & sheets,000 Sq M,0.36,1462,659,898,985,644,1021,748,1342,929,727,984,840,11239,2,1
Table-2-for-year-2017-18.pdf,2017-18,83,Cement,000 MT,4.65,3067,3425,2840,3709,3628,3459,3646,3405,4049,3785,3496,2639,41148,2,1
Table-2-for-year-2017-18.pdf,2017-18,,Manufacturing of Iron & Steel Products,,3.45,144.5,152.4,140.8,139.9,141.17,140.37,141.05,140.68,140.75,137.13,134.85,143.99,141.46,2,1
Table-2-for-year-2017-18.pdf,2017-18,84,Pig iron,MT,0,0,0,0,0,0,0,0,0,0,0,0,0,0,2,1
Table-2-for-year-2017-18.pdf,2017-18,85,Billets/Ingots,MT,0.92,476000,460000,441000,430000,440000,425000,430000,436000,435000,396000,375000,442000,5186000,2,1
Table-2-for-year-2017-18.pdf,2017-18,86-88,H/C.R.Sheets/Strips/Coils/plates etc,MT,2.52,349500,384200,348900,349600,350700,353300,353950,350400,351000,352200,351600,360200,4255550,2,1
Table-2-for-year-2017-18.pdf,2017-18,89,Metal drums,MT,0.06,20,20,22,32,48,34,34,52,46,43,41,25,417,2,1
Table-2-for-year-2017-18.pdf,2017-18,90-91,Safety razer blades and Cutlery,`000' Nos.,0.36,177293,180725,153369,172953,175957,158947,181059,159203,174008,168605,158605,165963,2026687,2,1
Table-2-for-year-2017-18.pdf,2017-18,,"Manufacture of Computer, electronics and Optical products",,,91.2,91.7,85,82.4,87.77,85.76,84.92,91.01,91.63,94.57,90.08,83.86,88.33,2,1
Table-2-for-year-2017-18.pdf,2017-18,92,T.V. sets,Nos.,0.03,34450,34635,32091,31132,33149,32389,32072,34373,34607,35717,34022,31670,400307,2,1
Table-2-for-year-2017-18.pdf,2017-18,,Manufacture of Electrical Equipment,,2.05,128.4,144,252.7,206.7,133.54,231.56,170.52,170.53,147.52,168.84,163.72,132.15,170.84,2,1
Table-2-for-year-2017-18.pdf,2017-18,93,Refrigerators,Nos.,0.25,130446,108872,79719,62881,71607,64670,76950,141238,155358,168724,155894,132026,1348385,2,1
Table-2-for-year-2017-18.pdf,2017-18,94,Electric transformers,Nos.,0.35,3995,3679,3207,3091,3542,3489,3455,3362,3097,6053,6236,3894,47100,2,1
Table-2-for-year-2017-18.pdf,2017-18,95,Deepfreezers,Nos.,0.17,11278,11675,6817,5405,4394,4136,4625,15070,13458,14649,13887,11012,116406,2,1
Table-2-for-year-2017-18.pdf,2017-18,96,Switch gears,Nos.,0,901,1174,1192,1193,1173,1130,744,691,757,797,789,777,11318,2,1
Table-2-for-year-2017-18.pdf,2017-18,97,Electric fans,Nos.,0.08,275495,229135,213829,202754,114743,148165,161622,185479,257733,274662,278166,254357,2596140,2,1
Table-2-for-year-2017-18.pdf,2017-18,98,Electric meters,Nos.,0.16,129837,126436,115942,95226,121853,145523,142490,153429,187925,184829,175575,135954,1715019,2,1
Table-2-for-year-2017-18.pdf,2017-18,99,Airconditioners,Nos.,0.09,47681,35134,9493,6133,6659,9551,15112,67920,65588,73984,69558,44451,451264,2,1
Table-2-for-year-2017-18.pdf,2017-18,100,Electric bulbs,`000' Nos.,0.02,9226,8634,6185,6938,6368,6349,5628,3456,5423,6797,6070,5366,76440,2,1
Table-2-for-year-2017-18.pdf,2017-18,101,Electric motors (including Insulated wire & cable),,0.43,864,1530,5267,3882,1655,4532,2565,2053,1237,1249,1217,1144,27195,2,1
Table-2-for-year-2017-18.pdf,2017-18,102,Electric tubes,`000' Metre,0,0,0,0,0,0,0,0,0,0,0,0,0,0,2,1
Table-2-for-year-2017-18.pdf,2017-18,103,Storagae batteries,Nos.,0.51,9225,9076,7914,10285,10324,9782,11121,9099,9919,9473,8835,7910,112963,2,1
Table-2-for-year-2017-18.pdf,2017-18,104,Generating sets,Nos.,0,0,0,0,0,0,0,0,0,0,0,0,0,0,2,1
Table-2-for-year-2017-18.pdf,2017-18,,Manufacture of Machinery and Equipment n.e.c,,0.39,164.1,165.7,170.6,194.8,189.39,160.57,206.98,210.94,220.59,249.31,219.5,146.95,191.63,2,1
Table-2-for-year-2017-18.pdf,2017-18,105,Tractors,Nos,0.34,5087,5193,5338,6133,5947,4916,6419,6543,6975,7950,6870,4523,71894,2,1
Table-2-for-year-2017-18.pdf,2017-18,106,Heavy machinery & equipment,MT,0.03,348,347,338,337,336,339,333,346,349,347,347,347,4114,2,1
Table-2-for-year-2017-18.pdf,2017-18,107,Sewing machines,Nos.,0,1782,605,2898,579,633,1707,3591,3129,912,1601,4307,1616,23360,2,1
Table-2-for-year-2017-18.pdf,2017-18,108,Power looms,Nos.,0,41,41,45,51,82,67,86,77,43,47,49,43,672,2,1
Table-2-for-year-2017-18.pdf,2017-18,111,Sugarcane machines,Nos.,0,31,28,22,20,22,33,35,28,26,29,27,29,330,2,1
Table-2-for-year-2017-18.pdf,2017-18,112,Wheat thrashers,Nos.,0.01,21,12,7,33,32,42,41,51,28,12,25,21,325,2,1
Table-2-for-year-2017-18.pdf,2017-18,113,Chaff cutters,Nos.,0,1068,1164,932,912,1012,1108,1032,1137,1145,1207,1161,1076,12954,2,1
Table-2-for-year-2017-18.pdf,2017-18,114-115,Jeeps & Cars,Nos,2.71,19547,19651,18540,20481,18997,17785,21438,18771,21335,20730,18229,16234,231738,2,1
Table-2-for-year-2017-18.pdf,2017-18,114,Jeeps,Nos,0,866,970,933,1538,1540,1187,904,940,963,1444,1193,886,13364,2,1
Table-2-for-year-2017-18.pdf,2017-18,115,Cars,Nos,0,18681,18681,17607,18943,17457,16598,20534,17831,20372,19286,17036,15348,218374,2,1
Table-2-for-year-2017-18.pdf,2017-18,116,L.C.V.'s,Nos,0.04,3087,2616,2505,2672,2777,2662,2797,2424,3017,2782,2099,1899,31337,2,1
Table-2-for-year-2017-18.pdf,2017-18,117,Trucks,Nos,0.19,915,1178,1175,1074,904,915,1118,977,1158,1222,943,770,12349,2,1
Table-2-for-year-2017-18.pdf,2017-18,118,Buses,Nos,0.15,101,148,114,113,37,62,43,78,86,113,89,92,1076,2,1
Table-2-for-year-2017-18.pdf,2017-18,119,Diesel engines,Nos.,0,34,15,211,101,98,100,97,103,143,144,147,56,1249,2,1
Table-2-for-year-2017-18.pdf,2017-18,,Manufacture of other transport Equipment,,0.69,130.4,141.8,125.6,146.7,129.82,125.87,146.88,125.92,144.91,143.03,144.65,126.5,136.01,2,1
Table-2-for-year-2017-18.pdf,2017-18,120,Motor cycles,Nos,0.68,225532,245449,217342,254220,224710,217632,254487,217838,250896,247712,250508,218745,2825071,2,1
Table-2-for-year-2017-18.pdf,2017-18,121,Bicycles,Nos.,0.01,17585,17588,15551,15579,16005,17501,16025,16570,17296,16495,16728,17366,200289,2,1
Table-2-for-year-2017-18.pdf,2017-18,122,Furniture,TH.NO,0.51,21,5,27,24,17,11,14,20,15,13,15,6,188,2,1
Table-2-for-year-2017-18.pdf,2017-18,123,Foot balls,TH.NO,0.32,336,233,262,204,251,274,249,362,465,281,320,0,3237,2,1
Table-2-for-year-2018-19.pdf,2018-19,3-Jan,,"Sugar, Bakery products and Chocolate & sugar confectionery",3.43,0,0,0,0,0,554544,1571256,1602774,1170295,315162,31232,14640,5259903,1,1
Table-2-for-year-2018-19.pdf,2018-19,2,Bakery products,MT,0,0,0,0,0,0,0,0,0,0,0,0,0,0,1,1
Table-2-for-year-2018-19.pdf,2018-19,3,Chocolate & sugar confectionery,MT,0,0,0,0,0,0,0,0,0,0,0,0,0,0,1,1
Table-2-for-year-2018-19.pdf,2018-19,4,Cooking oil,MT,1.48,32939,34947,32966,32728,31759,35202,37374,34230,30799,34576,36355,32051,405926,1,1
Table-2-for-year-2018-19.pdf,2018-19,5,Vegetable ghee,000 L,1.38,117497,118202,115149,117036,111254,113581,120313,113785,113813,115510,117098,118537,1391775,1,1
Table-2-for-year-2018-19.pdf,2018-19,7-Jun,Wheat & Rice Milling,MT,3.66,416902,416459,447492,474801,473229,481587,497971,494441,531146,523153,503450,415470,5676101,1,1
Table-2-for-year-2018-19.pdf,2018-19,9-Aug,Starch & its products,MT,0.27,33969,32013,35127,36339,33822,32712,31940,30027,36377,36457,36794,31076,406653,1,1
Table-2-for-year-2018-19.pdf,2018-19,8,Starch,MT,0,20966,19989,21292,21369,19221,17952,18125,18089,22977,23267,23711,19749,246707,1,1
Table-2-for-year-2018-19.pdf,2018-19,9,Glucose,MT,0,13003,12024,13835,14970,14601,14760,13815,11938,13400,13190,13083,11327,159946,1,1
Table-2-for-year-2018-19.pdf,2018-19,10,Tea blended,MT,0.48,12024,12203,11800,13564,13354,14801,15529,13871,12981,10548,9727,7641,148043,1,1
Table-2-for-year-2018-19.pdf,2018-19,12-Nov,Soft drinks and Mineral waters,000 Litres,1.63,287723,351288,299864,251694,183069,134593,140250,177556,268617,294896,327785,301813,3019150,1,1
Table-2-for-year-2018-19.pdf,2018-19,13-15,"Juices, syrups & squashes",000 L,2.21,37280,44462,38367,35760,31778,24964,25818,30232,40150,44813,43144,41773,438541,1,1
Table-2-for-year-2018-19.pdf,2018-19,13,Fruit Juices,000 L,0,32986,39630,33997,31214,26474,22887,22150,27690,29093,33407,33502,36747,369777,1,1
Table-2-for-year-2018-19.pdf,2018-19,14,Syrups & squashes,000 L,0,4294,4832,4370,4546,5304,2077,3668,2542,11057,11406,9642,5026,68764,1,1
Table-2-for-year-2018-19.pdf,2018-19,15,Preserved Milk,000 L,0,0,0,0,0,0,0,0,0,0,0,0,0,0,1,1
Table-2-for-year-2018-19.pdf,2018-19,16,Liquors,000 L,0,79,79,79,79,79,79,79,79,79,79,79,79,954,1,1
Table-2-for-year-2018-19.pdf,2018-19,17,Cigarettes,Mil. Nos.,2.07,4537,5122,5407,5714,5263,4936,6157,5789,6006,6034,4713,1051,60729,1,1
Table-2-for-year-2018-19.pdf,2018-19,18-19,Yarn,MT,8.88,284700,285015,285240,285750,285545,286550,286925,287475,287500,285200,285550,285940,3431390,1,1
Table-2-for-year-2018-19.pdf,2018-19,20-21,Cloth,000 Sq M,7.29,87150,87200,87250,87325,87025,87050,87100,87450,87650,86450,87100,87250,1046000,1,1
Table-2-for-year-2018-19.pdf,2018-19,22-24,JUTE GOODS (TOTAL),MT,0.33,5408,4916,5343,6009,5605,5538,5233,4730,5116,5291,10323,3594,67106,1,1
Table-2-for-year-2018-19.pdf,2018-19,22,Hessian,MT,0,847,857,1021,1083,959,1152,1238,943,1036,851,1074,659,11720,1,1
Table-2-for-year-2018-19.pdf,2018-19,23,Sacking,MT,0,3630,3239,3358,3675,3455,3338,3125,3029,3281,3636,8052,1870,43688,1,1
Table-2-for-year-2018-19.pdf,2018-19,24,Others,MT,0,931,820,964,1251,1191,1048,870,758,799,804,1197,1065,11698,1,1
Table-2-for-year-2018-19.pdf,2018-19,25,Terry towels & Bath robes,MT,0.59,12498,18488,13966,15089,14617,14748,15787,15662,21136,16042,20488,12335,190856,1,1
Table-2-for-year-2018-19.pdf,2018-19,26,Woollen & carpet yarn,MT,0.05,190,180,185,177,175,173,188,189,199,209,211,210,2286,1,1
Table-2-for-year-2018-19.pdf,2018-19,27,Woolen & worsted cloth,000 Sq M,0.09,115,108,108,56,105,87,584,64,41,26,32,34,1360,1,1
Table-2-for-year-2018-19.pdf,2018-19,28,Knitting wool,MT,0.01,143,143,147,134,133,134,125,132,133,132,132,140,1628,1,1
Table-2-for-year-2018-19.pdf,2018-19,29,Woolen blankets,Nos,0.91,1536,0,8897,12086,2530,7094,1277,1392,1392,14573,10300,7476,68553,1,1
Table-2-for-year-2018-19.pdf,2018-19,30,Garments,000' Dozen,6.08,3823,3929,3057,4309,4140,4564,5416,4281,5222,4863,7251,4809,55664,1,1
Table-2-for-year-2018-19.pdf,2018-19,31,Upper leather,000 Sq M,0.4,2100,2161,2121,2190,2297,2181,2391,2446,2540,2402,1932,1891,26652,1,1
Table-2-for-year-2018-19.pdf,2018-19,32,Sole leather,,0,14,14,14,14,14,14,14,14,14,14,14,14,168,1,1
Table-2-for-year-2018-19.pdf,2018-19,33,Footwear,`000' Pairs,0.83,3145,3156,3159,3119,3031,3045,3181,3205,3495,3532,3366,3371,38805,1,1
Table-2-for-year-2018-19.pdf,2018-19,34,Plywood,000 Sq Ft,0.09,926,903,1070,1087,1147,1367,1652,1987,3138,2365,2396,2089,20127,1,1
Table-2-for-year-2018-19.pdf,2018-19,35,Chip Board,MT,0.09,0,0,0,0,0,0,0,0,0,0,0,0,0,1,1
Table-2-for-year-2018-19.pdf,2018-19,36-39,Paper,,0,22243,21737,20658,24242,21338,20792,23423,20520,23389,20074,21335,16926,256677,1,1
Table-2-for-year-2018-19.pdf,2018-19,,Paper Board,,0,38008,36402,38135,45310,29461,29715,39127,36912,41807,36622,40302,35485,447286,1,1
Table-2-for-year-2018-19.pdf,2018-19,40,Corrugated paper/ paperboard,,0,0,0,0,0,0,0,0,0,0,0,0,0,0,1,1
Table-2-for-year-2018-19.pdf,2018-19,41,Coke,MT,0,0,0,0,0,0,0,0,0,0,0,0,0,0,1,1
Table-2-for-year-2018-19.pdf,2018-19,42-52,Petroleum Products,000 L,6.66,112.3,106.9,106.4,115.6,102.8,89.8,108.8,100.9,110.6,115.1,110.6,90.6,105.9,1,1
Table-2-for-year-2018-19.pdf,2018-19,42,Jet fuel oil,000 L,0.47,77958,84538,75221,96258,83113,94490,110719,83839,99906,62479,77711,74326,1020558,1,1
Table-2-for-year-2018-19.pdf,2018-19,43,Kerosene oil,000 L,0.08,15557,14465,10595,9604,5663,10514,12269,10297,10648,13042,13026,14309,139990,1,1
Table-2-for-year-2018-19.pdf,2018-19,44,Motor spirits,000 L,1.08,279045,269232,270194,276716,258226,201500,254368,248606,279678,272272,263559,211223,3084619,1,1
Table-2-for-year-2018-19.pdf,2018-19,45,High speed diesel,000 L,2.51,519779,480874,495763,506857,482977,364685,449000,450671,468570,551265,500406,393815,5664664,1,1
Table-2-for-year-2018-19.pdf,2018-19,46,Diesel oil n.o.s.,000 L,0.02,2410,2879,4959,4202,4057,2375,4156,4158,4390,4555,3159,3458,44757,1,1
Table-2-for-year-2018-19.pdf,2018-19,47,Furnace oil,000 L,0.96,285800,270905,268741,284017,248256,195711,246383,227333,249164,267264,280809,238827,3063211,1,1
Table-2-for-year-2018-19.pdf,2018-19,48,Lubricating oil,000 L,0.18,18008,17291,17793,19042,17226,20443,18632,17013,21146,18797,19299,15089,219777,1,1
Table-2-for-year-2018-19.pdf,2018-19,49,Jute batching oil,000 L,0,114,207,282,221,204,149,242,254,247,154,276,72,2421,1,1
Table-2-for-year-2018-19.pdf,2018-19,50,Solvant Naptha,000 L,0.95,54078,55382,45356,77755,42649,72140,86694,67803,74753,78961,72436,64945,792954,1,1
Table-2-for-year-2018-19.pdf,2018-19,51,LPG,000 L,0.22,78687,71130,74732,77644,70981,66374,75813,67258,77026,70181,64968,55360,850156,1,1
Table-2-for-year-2018-19.pdf,2018-19,52,Petroleum prods: n.o.s.,000 L,0.18,25729,23582,23967,29041,29328,28385,28928,21260,27298,27681,29234,15036,309469,1,1
Table-2-for-year-2018-19.pdf,2018-19,53-64,Chemicals Products,,2.55,85.3,89.25,87.88,100.21,86.52,86.08,79.74,80.82,85.18,86.69,87.4,79.4,86.2,1,1
Table-2-for-year-2018-19.pdf,2018-19,53,Caustic soda,MT,0.23,24164,22053,20517,21825,21133,17294,18263,18843,21830,20389,21120,19182,246613,1,1
Table-2-for-year-2018-19.pdf,2018-19,54,Toilet soaps,MT,0.73,5218,6361,6261,5975,6399,4788,4449,4599,5144,4993,5457,4622,64266,1,1
Table-2-for-year-2018-19.pdf,2018-19,55,Soaps & detergents,MT,0.26,29319,29720,29513,28484,30936,30342,30390,30611,31565,30383,31564,29808,362635,1,1
Table-2-for-year-2018-19.pdf,2018-19,56,Paints & varnishes(L),`000' Litres,0.54,3392,3662,3530,3579,3714,3363,3738,3971,3388,3759,3715,3624,43435,1,1
Table-2-for-year-2018-19.pdf,2018-19,57,Paints & varnishes(S),Tonnes,0.18,4213,3867,3765,4825,4005,3969,4323,4382,4770,4832,5415,3899,52265,1,1
Table-2-for-year-2018-19.pdf,2018-19,58,Soda ash,MT,0.08,44820,43341,46011,48578,44551,48487,47843,40805,51335,51184,53593,51518,572066,1,1
Table-2-for-year-2018-19.pdf,2018-19,59,Sulphuric acid,MT,0.41,3937,4021,4269,8318,2708,6536,3350,3181,3493,3131,3150,3268,49362,1,1
Table-2-for-year-2018-19.pdf,2018-19,60,Synthetic fibres,MT,0.01,44244,44460,41579,41548,35016,42332,36158,33941,37415,39190,47185,40671,483739,1,1
Table-2-for-year-2018-19.pdf,2018-19,61,Matches,Mil. Boxes,0.03,547,505,554,575,545,578,598,550,624,488,558,458,6580,1,1
Table-2-for-year-2018-19.pdf,2018-19,62,Hydrochloric acid,MT,0.06,36223,35945,34454,37271,36283,27640,30627,31893,35885,53026,34568,31163,424978,1,1
Table-2-for-year-2018-19.pdf,2018-19,63,Polishes & creams,Kgs.,0.01,77152,90902,50569,75057,77963,78742,69960,61844,120339,113465,79884,119447,1015323,1,1
Table-2-for-year-2018-19.pdf,2018-19,64,Chlorine,MT,0,1463,1589,1581,1594,1476,1535,1583,1368,1501,1439,1204,1195,17528,1,1
Table-2-for-year-2018-19.pdf,2018-19,65-71,Fertilizers,,3.93,96.3,97.32,94.31,107.55,104.42,106.06,88.85,80.23,96.69,97.92,105,108.5,98.6,1,1
Table-2-for-year-2018-19.pdf,2018-19,65-67,Phos. fertilizers,NT,0.5,56528,56294,53181,48021,56200,52990,31877,52593,56103,56453,58515,54418,633173,1,1
Table-2-for-year-2018-19.pdf,2018-19,68-71,Nit. fertilizers,NT,3.43,240118,243125,236504,278091,263628,270506,234900,196326,241434,244730,263902,276439,2989703,1,1
Table-2-for-year-2018-19.pdf,2018-19,,Quantity,,,-18,-18,-18,-18,-18,-18,-19,-19,-19,-19,-19,-19,,2,1
Table-2-for-year-2018-19.pdf,2018-19,Manufacturing of Pharmaceuticals Products,5.15,,,97.1,102,97.7,103.1,104.97,99.03,103.91,110.34,113.03,113.33,100.2,80.85,102.13,2,1
Table-2-for-year-2018-19.pdf,2018-19,73,Liquids/syrups `000' Litres,,,8749,8805,8438,8956,8989,8454,8674,8710,8922,9017,7775,4647,100136,2,1
Table-2-for-year-2018-19.pdf,2018-19,74,Injections `000' Nos.,,,84855,93166,89517,90954,100752,109943,111771,123389,141045,142709,120298,129492,1337891,2,1
Table-2-for-year-2018-19.pdf,2018-19,75,Capsules `000' Nos.,,,261219,278521,268833,279352,345361,63786,388607,383989,379210,382075,281312,273297,3585562,2,1
Table-2-for-year-2018-19.pdf,2018-19,76,Galenicals (tincture) `000' Litres,,,2,3,4,4,4,2,6,3,3,3,3,2,39,2,1
Table-2-for-year-2018-19.pdf,2018-19,77,Ointments `000' Kgs.,,,246,292,280,282,280,288,253,292,269,290,264,217,3253,2,1
Table-2-for-year-2018-19.pdf,2018-19,Manufacturing of Rubber Products,0.24,,,112.4,106.4,110.2,114.5,113.87,107.17,104.68,108.21,117.59,112.86,111.79,111.95,110.96,2,1
Table-2-for-year-2018-19.pdf,2018-19,78,Cycle tyres `000' Nos.,,,360,363,365,368,372,379,392,391,405,412,386,391,4584,2,1
Table-2-for-year-2018-19.pdf,2018-19,79,Cycle tubes `000' Nos.,,,789,792,796,800,805,814,830,834,856,860,865,866,9907,2,1
Table-2-for-year-2018-19.pdf,2018-19,80,Motor tyres `000' Nos.,,,914,864,895,931,925,869,848,877,954,915,907,908,10807,2,1
Table-2-for-year-2018-19.pdf,2018-19,81,Motor tubes `000' Nos.,,,2060,2065,2111,2133,2114,2140,2173,2127,2130,2139,2160,2162,25514,2,1
Table-2-for-year-2018-19.pdf,2018-19,Manufacturing of Non Metalic Mineral Products,5.01,,,104.6,99.9,112.6,137.4,117.03,114.78,119.42,102.77,123.76,136.96,131.3,102.7,116.93,2,1
Table-2-for-year-2018-19.pdf,2018-19,82,Glass plates & sheets 000 Sq M,,,894,806,1441,1738,1871,1776,2095,1772,1531,1745,2710,1497,19876,2,1
Table-2-for-year-2018-19.pdf,2018-19,83,Cement 000 MT,,,3114,2988,3239,3960,3279,3230,3302,2849,3574,3943,3534,2912,39924,2,1
Table-2-for-year-2018-19.pdf,2018-19,Manufacturing of Iron & Steel Products,MT,,,143.9,145.5,142.4,133.3,133.3,129.38,126.63,127.25,128.18,130.15,129.64,130.44,133.34,2,1
Table-2-for-year-2018-19.pdf,2018-19,84,Pig iron MT,,,0,0,0,0,0,0,0,0,0,0,0,0,0,2,1
Table-2-for-year-2018-19.pdf,2018-19,85,Billets/Ingots MT,,,436000,430000,415000,320000,321000,283000,255000,258689,272265,293082,290000,300000,3874036,2,1
Table-2-for-year-2018-19.pdf,2018-19,86-88,H/C.R.Sheets/Strips/Coils/plates etc MT,,,362000,370000,364500,366200,365800,365500,365800,366700,365100,364600,363900,363100,4383200,2,1
Table-2-for-year-2018-19.pdf,2018-19,Manufacture of Fabricated Metal,0.42,,,128,127,122.6,139.5,124.26,114.49,116.89,104.78,106.79,177.86,133.17,125.88,126.76,2,1
Table-2-for-year-2018-19.pdf,2018-19,89,Metal drums MT,,,90,88,77,78,75,32,17,16,2,199,95,104,873,2,1
Table-2-for-year-2018-19.pdf,2018-19,90-91,Safety razer blades and Cutlery `000' Nos.,,,164097,163522,162591,190698,166635,175658,188684,168684,180441,183873,169873,152097,2066853,2,1
Table-2-for-year-2018-19.pdf,2018-19,,"Manufacture of Computer, electronics and Optical products",,,85.1,85.5,83.7,87,87.29,86.58,85.52,82.36,81.52,81.2,81.2,81.09,84,2,1
Table-2-for-year-2018-19.pdf,2018-19,92,T.V. sets Nos.,,,32134,32278,31601,32858,32967,32700,32300,31104,30788,30668,30667,30625,380690,2,1
Table-2-for-year-2018-19.pdf,2018-19,Manufacture of Electrical Equipment,2.05,,,230.5,163.5,200.8,244.5,284.9,140.39,372.18,195.63,244.08,254.32,249.17,417.71,249.81,2,1
Table-2-for-year-2018-19.pdf,2018-19,93,Refrigerators Nos.,,,142081,137082,77013,66909,57237,53972,91049,94819,86107,92492,92388,92547,1083696,2,1
Table-2-for-year-2018-19.pdf,2018-19,94,Electric transformers Nos.,,,2775,2683,3128,3125,2738,2733,2549,2467,2314,2308,2336,2128,31284,2,1
Table-2-for-year-2018-19.pdf,2018-19,95,Deepfreezers Nos.,,,15165,13248,6442,5907,5346,5014,5305,8273,29281,33441,32368,32669,192459,2,1
Table-2-for-year-2018-19.pdf,2018-19,96,Switch gears Nos.,,,446,475,392,371,369,361,361,400,383,381,362,385,4686,2,1
Table-2-for-year-2018-19.pdf,2018-19,97,Electric fans Nos.,,,199695,181430,170090,135128,136372,156667,201712,196939,273368,288823,320181,330337,2590742,2,1
Table-2-for-year-2018-19.pdf,2018-19,98,Electric meters Nos.,,,141358,122676,124357,117184,140295,107260,133222,128746,140704,131935,130968,130867,1549572,2,1
Table-2-for-year-2018-19.pdf,2018-19,99,Airconditioners Nos.,,,51588,34982,5819,9713,20805,20646,23307,74268,72023,69632,68816,66581,518180,2,1
Table-2-for-year-2018-19.pdf,2018-19,100,Electric bulbs `000' Nos.,,,6328,6469,5215,5082,4778,4810,4634,4862,5981,6002,5016,4475,63652,2,1
Table-2-for-year-2018-19.pdf,2018-19,101,Electric motors (including Insulated wire & cable) Nos.,,,3947,2208,3711,4975,6303,2132,8653,3316,4078,4204,4164,9147,56838,2,1
Table-2-for-year-2018-19.pdf,2018-19,102,Electric tubes `000' Metre,,,0,0,0,0,0,0,0,0,0,0,0,0,0,2,1
Table-2-for-year-2018-19.pdf,2018-19,103,Storagae batteries Nos.,,,9459,9133,9076,10091,8698,8791,10015,8802,9401,10075,8968,8928,111437,2,1
Table-2-for-year-2018-19.pdf,2018-19,104,Generating sets Nos.,,,0,0,0,0,0,0,0,0,0,0,0,0,0,2,1
Table-2-for-year-2018-19.pdf,2018-19,Manufacture of Machinery and Equipment n.e.c,0.39,,,144.1,134.3,159.2,198.9,129.27,61.36,56.55,135.81,175.41,180.76,102.49,114.15,132.69,2,1
Table-2-for-year-2018-19.pdf,2018-19,105,Tractors Nos,,,4558,4341,5040,6382,3938,1710,1675,4235,5578,5673,3214,3558,49902,2,1
Table-2-for-year-2018-19.pdf,2018-19,106,Heavy machinery & equipment MT,,,90,88,77,78,75,32,17,16,2,199,95,104,873,2,1
Table-2-for-year-2018-19.pdf,2018-19,107,Sewing machines Nos.,,,2964,1385,2828,3137,3597,2828,3670,2727,3307,3056,3044,2877,35420,2,1
Table-2-for-year-2018-19.pdf,2018-19,108,Power looms Nos.,,,28,35,40,22,25,41,38,49,45,49,43,46,461,2,1
Table-2-for-year-2018-19.pdf,2018-19,109-110 Bobbins & Shuttles,000 Nos.,,,4,4,4,4,4,3,4,4,4,4,4,3,46,2,1
Table-2-for-year-2018-19.pdf,2018-19,111,Sugarcane machines Nos.,,,34,9,60,51,102,93,25,50,21,26,20,10,501,2,1
Table-2-for-year-2018-19.pdf,2018-19,112,Wheat thrashers Nos.,,,17,7,7,4,10,22,23,42,53,36,9,34,264,2,1
Table-2-for-year-2018-19.pdf,2018-19,113,Chaff cutters Nos.,,,1089,1230,1241,1036,1581,1023,1110,846,1718,2181,1606,1485,16146,2,1
Table-2-for-year-2018-19.pdf,2018-19,Manufacturing of Automobiles,3.1,,,147.2,122.5,128.3,152,131.35,91.38,137.2,117.2,123.74,100.39,84.96,87.74,118.66,2,1
Table-2-for-year-2018-19.pdf,2018-19,114-115,Jeeps & Cars Nos,,,22197,18775,19568,23435,20195,13802,21374,18496,19447,15278,12784,13494,218845,2,1
Table-2-for-year-2018-19.pdf,2018-19,114,Jeeps Nos,,,722,721,704,763,608,408,411,630,778,638,676,466,7525,2,1
Table-2-for-year-2018-19.pdf,2018-19,115,Cars Nos,,,21475,18054,18864,22672,19587,13394,20963,17866,18669,14640,12108,13028,211320,2,1
Table-2-for-year-2018-19.pdf,2018-19,116,L.C.V.'s Nos,,,2910,2450,2112,2220,1906,1696,3081,2293,1845,2045,1500,2010,26068,2,1
Table-2-for-year-2018-19.pdf,2018-19,117,Trucks Nos,,,1047,664,886,1038,763,653,775,656,610,570,490,397,8549,2,1
Table-2-for-year-2018-19.pdf,2018-19,118,Buses Nos,,,133,123,95,84,117,81,79,37,78,107,108,93,1135,2,1
Table-2-for-year-2018-19.pdf,2018-19,119,Diesel engines Nos.,,,76,71,88,86,61,36,29,58,66,75,121,141,908,2,1
Table-2-for-year-2018-19.pdf,2018-19,Manufacture of other transport Equipment,0.69,,,123.8,114.3,137.8,145.2,112.43,103.97,120.23,107.49,111.45,119.57,120.98,103.83,118.42,2,1
Table-2-for-year-2018-19.pdf,2018-19,120,Motor cycles Nos,,,214225,197731,238895,251731,194552,179838,208230,185972,192898,206928,209394,179455,2459849,2,1
Table-2-for-year-2018-19.pdf,2018-19,121,Bicycles Nos.,,,15354,14397,14212,14717,14283,13863,13824,13900,13898,15016,15019,15032,173515,2,1
Table-2-for-year-2018-19.pdf,2018-19,Manufacture of furniture,0.51,,,67.9,74.4,45.3,97,97.04,54.99,35.58,32.35,45.28,106.74,42.05,58.22,63.07,2,1
Table-2-for-year-2018-19.pdf,2018-19,122,Furniture TH.NO,,,21,23,14,30,30,17,11,10,14,33,13,18,234,2,1
Table-2-for-year-2018-19.pdf,2018-19,Other manufacturing,0.32,,,88.3,81.4,74.9,110.6,93.79,101,92.41,87.95,94.13,123.33,127.8,85.54,96.76,2,1
Table-2-for-year-2018-19.pdf,2018-19,123,Foot balls TH.NO,,,257,237,218,322,273,294,269,256,274,359,372,249,3380,2,1
Table-2-for-year-2019-20.pdf,2019-20,3-Jan,,"Sugar, Bakery products and Chocolate & sugar confectionery",3.43,0,0,0,0,0,1093235,1541642,1478775,702796,30388,30080,4309,4881225,1,1
Table-2-for-year-2019-20.pdf,2019-20,2,Bakery products,MT,0,0,0,0,0,0,0,0,0,0,0,0,0,0,1,1
Table-2-for-year-2019-20.pdf,2019-20,3,Chocolate & sugar confectionery,MT,0,0,0,0,0,0,0,0,0,0,0,0,0,0,1,1
Table-2-for-year-2019-20.pdf,2019-20,4,Cooking oil,MT,1.48,31762,34779,34359,36187,37431,39971,39290,38389,39066,39440,36071,34973,441718,1,1
Table-2-for-year-2019-20.pdf,2019-20,5,Vegetable ghee,000 L,1.38,118463,119051,120413,121126,125012,125841,127678,124882,118995,120645,114641,117693,1454440,1,1
Table-2-for-year-2019-20.pdf,2019-20,7-Jun,Wheat & Rice Milling,MT,3.66,463192,449491,443514,455999,563719,575644,706551,806037,994639,1008607,827752,886005,8181150,1,1
Table-2-for-year-2019-20.pdf,2019-20,9-Aug,Starch & its products,MT,0.27,31979,33515,34540,36609,39461,34384,34416,34550,36473,27803,16925,34601,395256,1,1
Table-2-for-year-2019-20.pdf,2019-20,8,Starch,MT,0,20539,21713,21230,21490,22680,20302,20702,21577,23067,15945,6600,19895,235740,1,1
Table-2-for-year-2019-20.pdf,2019-20,9,Glucose,MT,0,11440,11802,13310,15119,16781,14082,13714,12973,13406,11858,10325,14706,159516,1,1
Table-2-for-year-2019-20.pdf,2019-20,10,Tea blended,MT,0.48,8736,9663,11428,10294,10062,11328,12767,12733,13388,12064,12020,8596,133079,1,1
Table-2-for-year-2019-20.pdf,2019-20,12-Nov,Soft drinks and Mineral waters,000 Litres,1.63,267376,292408,247000,223768,189596,153860,151547,190309,225684,249341,348171,294984,2834045,1,1
Table-2-for-year-2019-20.pdf,2019-20,13-15,"Juices, syrups & squashes",000 L,2.21,36756,36345,37018,30434,24560,29497,28893,29230,34460,37135,36472,36327,397127,1,1
Table-2-for-year-2019-20.pdf,2019-20,13,Fruit Juices,000 L,0,31969,31426,32422,27919,22219,21646,20989,24379,25688,26829,27145,29214,321845,1,1
Table-2-for-year-2019-20.pdf,2019-20,14,Syrups & squashes,000 L,0,4787,4919,4596,2515,2341,7851,7904,4851,8772,10306,9327,7113,75282,1,1
Table-2-for-year-2019-20.pdf,2019-20,15,Preserved Milk,000 L,0,0,0,0,0,0,0,0,0,0,0,0,0,0,1,1
Table-2-for-year-2019-20.pdf,2019-20,16,Liquors,000 L,0,79,79,79,79,79,79,79,79,79,79,79,79,954,1,1
Table-2-for-year-2019-20.pdf,2019-20,17,Cigarettes,Mil. Nos.,2.07,2743,3231,3892,4517,3588,3949,3073,4523,4005,3708,4290,4566,46085,1,1
Table-2-for-year-2019-20.pdf,2019-20,18-19,Yarn,MT,8.88,285870,285100,285330,285775,285950,286150,286950,287490,209900,99443,200860,261124,3059942,1,1
Table-2-for-year-2019-20.pdf,2019-20,20-21,Cloth,000 Sq M,7.29,87285,87300,87300,87350,87380,87450,87400,87460,64190,30711,61180,79534,934540,1,1
Table-2-for-year-2019-20.pdf,2019-20,22-24,JUTE GOODS (TOTAL),MT,0.33,4627,3799,4918,5910,5761,6077,6591,6931,7231,5559,3677,3961,65042,1,1
Table-2-for-year-2019-20.pdf,2019-20,22,Hessian,MT,0,1044,879,1103,1654,1364,1253,1164,1015,903,440,530,862,12211,1,1
Table-2-for-year-2019-20.pdf,2019-20,23,Sacking,MT,0,2773,2181,2958,3209,3430,4154,4539,5010,5356,4495,2615,2468,43188,1,1
Table-2-for-year-2019-20.pdf,2019-20,24,Others,MT,0,810,739,857,1047,967,670,888,906,972,624,532,631,9643,1,1
Table-2-for-year-2019-20.pdf,2019-20,25,Terry towels & Bath robes,MT,0.59,14274,15270,14534,16808,21345,13721,15795,17646,15014,4517,10047,13931,172902,1,1
Table-2-for-year-2019-20.pdf,2019-20,26,Woollen & carpet yarn,MT,0.05,229,230,233,241,236,265,266,269,248,114,61,473,2865,1,1
Table-2-for-year-2019-20.pdf,2019-20,27,Woolen & worsted cloth,000 Sq M,0.09,23,41,35,50,63,38,69,44,28,32,54,70,547,1,1
Table-2-for-year-2019-20.pdf,2019-20,28,Knitting wool,MT,0.01,91,89,90,93,91,97,93,87,85,23,18,26,883,1,1
Table-2-for-year-2019-20.pdf,2019-20,29,Woolen blankets,Nos,0.91,9054,6055,1183,2013,309,593,1508,3121,32,591,1635,1715,27809,1,1
Table-2-for-year-2019-20.pdf,2019-20,30,Garments,000' Dozen,6.08,5637,5294,4506,5413,5234,4351,4696,4607,3474,1026,1815,2535,48588,1,1
Table-2-for-year-2019-20.pdf,2019-20,31,Upper leather,000 Sq M,0.4,2113,2139,2228,2490,2384,2316,2285,2092,1382,330,603,1111,21473,1,1
Table-2-for-year-2019-20.pdf,2019-20,32,Sole leather,,0,14,14,14,14,14,14,14,14,14,14,14,14,168,1,1
Table-2-for-year-2019-20.pdf,2019-20,33,Footwear,`000' Pairs,0.83,3429,3437,3483,3669,3729,3787,3790,3799,3470,1610,1829,1838,37870,1,1
Table-2-for-year-2019-20.pdf,2019-20,34,Plywood,000 Sq Ft,0.09,1487,1724,1597,1575,1567,1104,772,461,245,242,230,1221,12225,1,1
Table-2-for-year-2019-20.pdf,2019-20,35,Chip Board,MT,0.09,0,0,0,0,0,0,0,0,0,0,0,0,0,1,1
Table-2-for-year-2019-20.pdf,2019-20,36-39,Paper,,0,24547,21591,24221,26507,25940,23569,22959,24249,23314,14085,12764,13882,257628,1,1
Table-2-for-year-2019-20.pdf,2019-20,,Paper Board,,0,34831,33860,35809,40159,40560,41536,33978,37489,41039,34622,38691,36320,448894,1,1
Table-2-for-year-2019-20.pdf,2019-20,40,Corrugated paper/ paperboard,,0,0,0,0,0,0,0,0,0,0,0,0,0,0,1,1
Table-2-for-year-2019-20.pdf,2019-20,41,Coke,MT,0,0,0,0,0,0,0,0,0,0,0,0,0,0,1,1
Table-2-for-year-2019-20.pdf,2019-20,42-52,Petroleum Products,000 L,6.66,84.9,96.9,99.3,102.5,98.4,89.1,93.2,64.1,57.4,55.6,89.7,82.3,84.5,1,1
Table-2-for-year-2019-20.pdf,2019-20,42,Jet fuel oil,000 L,0.47,67451,87058,76589,79134,89032,77970,80666,46295,47937,19576,28990,27936,728634,1,1
Table-2-for-year-2019-20.pdf,2019-20,43,Kerosene oil,000 L,0.08,6001,10597,9909,11665,14443,6057,9344,6881,10738,5681,4034,12443,107794,1,1
Table-2-for-year-2019-20.pdf,2019-20,44,Motor spirits,000 L,1.08,192343,242163,258667,241252,241526,244032,250275,166340,156217,136298,313338,241054,2683505,1,1
Table-2-for-year-2019-20.pdf,2019-20,45,High speed diesel,000 L,2.51,380275,426810,460334,457240,432728,402488,412978,232289,221125,273027,456685,373208,4529186,1,1
Table-2-for-year-2019-20.pdf,2019-20,46,Diesel oil n.o.s.,000 L,0.02,4413,4792,3429,3965,2074,1882,1237,761,3020,344,832,321,27069,1,1
Table-2-for-year-2019-20.pdf,2019-20,47,Furnace oil,000 L,0.96,209418,235003,230450,247003,223604,189579,236354,171797,135917,123184,184609,182967,2369885,1,1
Table-2-for-year-2019-20.pdf,2019-20,48,Lubricating oil,000 L,0.18,16342,7702,13954,19610,15430,11982,11129,16586,12552,10071,10998,8931,155287,1,1
Table-2-for-year-2019-20.pdf,2019-20,49,Jute batching oil,000 L,0,202,73,156,232,177,152,257,219,184,282,85,159,2177,1,1
Table-2-for-year-2019-20.pdf,2019-20,50,Solvant Naptha,000 L,0.95,51074,67543,60067,72927,58436,36108,34438,53249,30032,26997,11758,47975,550604,1,1
Table-2-for-year-2019-20.pdf,2019-20,51,LPG,000 L,0.22,64412,65084,57525,66199,77389,76417,75463,52206,54336,54037,56072,59582,758723,1,1
Table-2-for-year-2019-20.pdf,2019-20,52,Petroleum prods: n.o.s.,000 L,0.18,25583,14150,15813,20060,20111,23061,22947,13817,15131,13340,16453,25256,225722,1,1
Table-2-for-year-2019-20.pdf,2019-20,53-64,Chemicals Products,,2.55,86,82.87,85.8,94.6,95.68,84.46,91.49,91.23,82.75,59.37,72.9,79.1,83.9,1,1
Table-2-for-year-2019-20.pdf,2019-20,53,Caustic soda,MT,0.23,29351,29092,31658,33359,31910,31410,31462,27025,25324,16676,26824,28331,342422,1,1
Table-2-for-year-2019-20.pdf,2019-20,54,Toilet soaps,MT,0.73,4269,4243,5101,4993,4632,5125,5268,5134,4975,5058,5126,5255,59179,1,1
Table-2-for-year-2019-20.pdf,2019-20,55,Soaps & detergents,MT,0.26,29155,28374,29511,30764,30713,34361,33679,33880,33466,32730,33987,33332,383952,1,1
Table-2-for-year-2019-20.pdf,2019-20,56,Paints & varnishes(L),`000' Litres,0.54,3427,3400,3447,3693,3547,2525,3879,3951,3618,1453,1892,2305,37137,1,1
Table-2-for-year-2019-20.pdf,2019-20,57,Paints & varnishes(S),Tonnes,0.18,3655,4061,4510,6475,5454,4087,6079,6276,4641,400,2114,4009,51761,1,1
Table-2-for-year-2019-20.pdf,2019-20,58,Soda ash,MT,0.08,51020,52910,48828,53212,50771,53353,48126,35815,40976,31851,42842,40910,550614,1,1
Table-2-for-year-2019-20.pdf,2019-20,59,Sulphuric acid,MT,0.41,4872,4121,2786,3835,6060,3181,2275,3381,2166,1688,2988,2958,40311,1,1
Table-2-for-year-2019-20.pdf,2019-20,60,Synthetic fibres,MT,0.01,42090,33637,33186,33554,39074,40295,41023,38316,31139,11394,11210,11318,366236,1,1
Table-2-for-year-2019-20.pdf,2019-20,61,Matches,Mil. Boxes,0.03,703,501,668,715,640,638,665,655,594,479,562,585,7405,1,1
Table-2-for-year-2019-20.pdf,2019-20,62,Hydrochloric acid,MT,0.06,31163,25472,30476,33096,32262,31562,32629,31417,31638,30775,23839,26392,360721,1,1
Table-2-for-year-2019-20.pdf,2019-20,63,Polishes & creams,Kgs.,0.01,77924,91811,51075,75807,78742,79529,70660,62462,121542,114600,80683,120642,1025476,1,1
Table-2-for-year-2019-20.pdf,2019-20,64,Chlorine,MT,0,1195,1433,1512,1542,1608,1546,1457,1487,1202,1089,847,914,15832,1,1
Table-2-for-year-2019-20.pdf,2019-20,65-71,Fertilizers,,3.93,111.9,112.37,109.19,105.2,101.39,95.58,90.88,94.44,100.4,103.5,109.2,100.2,102.9,1,1
Table-2-for-year-2019-20.pdf,2019-20,65-67,Phos. fertilizers,NT,0.5,59661,59377,59436,57259,53186,50218,38406,36391,41579,45428,66360,63302,630603,1,1
Table-2-for-year-2019-20.pdf,2019-20,68-71,Nit. fertilizers,NT,3.43,282864,284442,275240,265173,256902,242128,236439,248023,261768,268139,270685,246783,3138586,1,1
Table-2-for-year-2019-20.pdf,2019-20,,Manufacturing of Pharmaceuticals Products,,5.15,87.3,87.8,91.2,97.8,104.93,101.98,102.5,106.58,106.54,107.84,103.25,99.08,99.74,2,1
Table-2-for-year-2019-20.pdf,2019-20,73,Liquids/syrups,`000' Litres,1.62,5902,5653,6765,7858,8599,8313,8618,8394,8679,8768,8449,7745,93743,2,1
Table-2-for-year-2019-20.pdf,2019-20,74,Injections,`000' Nos.,0.47,87086,87356,85147,95311,106087,110385,104177,126286,122004,124515,114439,114176,1276969,2,1
Table-2-for-year-2019-20.pdf,2019-20,75,Capsules,`000' Nos.,0.23,284671,273877,278433,284991,379890,296384,290051,363192,343052,368138,333139,319523,3815341,2,1
Table-2-for-year-2019-20.pdf,2019-20,76,Galenicals (tincture),`000' Litres,0.01,4,4,6,4,4,4,4,5,4,23,3,9,74,2,1
Table-2-for-year-2019-20.pdf,2019-20,77,Ointments,`000' Kgs.,0.1,255,255,268,263,282,285,297,303,296,303,270,263,3342,2,1
Table-2-for-year-2019-20.pdf,2019-20,78,Cycle tyres,`000' Nos.,0.01,396,402,408,411,401,406,410,414,355,270,280,285,4438,2,1
Table-2-for-year-2019-20.pdf,2019-20,79,Cycle tubes,`000' Nos.,0,864,871,877,888,881,888,695,699,649,575,581,590,9058,2,1
Table-2-for-year-2019-20.pdf,2019-20,80,Motor tyres,`000' Nos.,0.24,948,878,905,923,895,913,1102,1105,969,760,802,928,11128,2,1
Table-2-for-year-2019-20.pdf,2019-20,81,Motor tubes,`000' Nos.,0,2150,2106,2143,2215,2115,2096,2110,2120,1904,1848,1859,1884,24550,2,1
Table-2-for-year-2019-20.pdf,2019-20,,Manufacturing of Non Metalic Mineral Products,,5.01,112.1,94.1,120,142.4,125.29,123.56,108.59,127.87,103.13,110.22,74.7,115.51,113.13,2,1
Table-2-for-year-2019-20.pdf,2019-20,82,Glass plates & sheets,000 Sq M,0.36,1679,1558,1699,1842,1841,1875,1495,1850,1201,803,663,640,17146,2,1
Table-2-for-year-2019-20.pdf,2019-20,83,Cement,000 MT,4.65,3169,2625,3415,4094,3549,3486,3100,3629,2996,3316,2219,3523,39121,2,1
Table-2-for-year-2019-20.pdf,2019-20,,Manufacturing of Iron & Steel Products,MT,3.45,130.4,128.5,126.5,126.5,125.84,126.02,134.43,134.24,100.31,8.19,89.2,97.02,110.6,2,1
Table-2-for-year-2019-20.pdf,2019-20,84,Pig iron,MT,0,0,0,0,0,0,0,0,0,0,0,0,0,0,2,1
Table-2-for-year-2019-20.pdf,2019-20,85,Billets/Ingots,MT,0.92,300000,285000,264000,265000,260000,261000,345000,340000,281000,81000,200000,282000,3164000,2,1
Table-2-for-year-2019-20.pdf,2019-20,86-88,H/C.R.Sheets/Strips/Coils/plates etc,MT,2.52,362900,361400,362200,361800,361100,361400,361100,362250,260800,0,250200,248500,3653650,2,1
Table-2-for-year-2019-20.pdf,2019-20,89,Metal drums,MT,0.06,188,22,5,10,11,70,51,0,0,0,0,0,357,2,1
Table-2-for-year-2019-20.pdf,2019-20,90-91,Safety razer blades and Cutlery,`000' Nos.,0.36,185265,169265,162830,174655,155307,146790,161404,162782,132681,100000,105060,107658,1763697,2,1
Table-2-for-year-2019-20.pdf,2019-20,,"Manufacture of Computer, electronics and Optical products",,,81,80.8,79.1,79,79.04,78.64,78.61,78.59,52.4,17.47,20.73,21.47,62.24,2,1
Table-2-for-year-2019-20.pdf,2019-20,92,T.V. sets,Nos.,0.03,30593,30525,29856,29852,29850,29699,29689,29680,19790,6597,7831,8110,282072,2,1
Table-2-for-year-2019-20.pdf,2019-20,,Manufacture of Electrical Equipment,,2.05,230.8,226.3,190.2,222.9,149.35,200.02,241.59,194.24,131.1,67.49,67.41,174.32,174.63,2,1
Table-2-for-year-2019-20.pdf,2019-20,93,Refrigerators,Nos.,0.25,100171,89652,72538,70905,57368,69996,76097,79483,56449,6996,8204,28293,716152,2,1
Table-2-for-year-2019-20.pdf,2019-20,94,Electric transformers,Nos.,0.35,2130,2126,2126,2117,2117,2110,2116,2100,1410,1299,1420,2136,23207,2,1
Table-2-for-year-2019-20.pdf,2019-20,95,Deepfreezers,Nos.,0.17,14586,18206,7455,7354,5025,4644,4878,7073,3598,1048,1610,5869,81346,2,1
Table-2-for-year-2019-20.pdf,2019-20,96,Switch gears,Nos.,0,368,369,399,314,313,344,341,360,226,0,160,250,3444,2,1
Table-2-for-year-2019-20.pdf,2019-20,97,Electric fans,Nos.,0.08,192077,300561,278829,217829,191382,159946,231045,237681,128104,9882,39860,137105,2124301,2,1
Table-2-for-year-2019-20.pdf,2019-20,98,Electric meters,Nos.,0.16,141054,135654,108933,100704,75454,75469,74585,74580,49720,27452,71862,103310,1038777,2,1
Table-2-for-year-2019-20.pdf,2019-20,99,Airconditioners,Nos.,0.09,38960,32599,6964,43844,5635,7885,16379,18297,13043,5246,9129,18344,216325,2,1
Table-2-for-year-2019-20.pdf,2019-20,100,Electric bulbs,`000' Nos.,0.02,5780,5468,5859,5309,5537,5884,3769,3889,3199,3343,4306,5442,57785,2,1
Table-2-for-year-2019-20.pdf,2019-20,101,Electric motors (including Insulated wire & cable),,0.43,4301,4064,3524,4415,2578,3724,4727,3392,2256,815,625,3254,37675,2,1
Table-2-for-year-2019-20.pdf,2019-20,102,Electric tubes,`000' Metre,0,0,0,0,0,0,0,0,0,0,0,0,0,0,2,1
Table-2-for-year-2019-20.pdf,2019-20,103,Storagae batteries,Nos.,0.51,9049,9060,9024,9018,8991,12769,14231,12670,9435,8993,9126,9469,121835,2,1
Table-2-for-year-2019-20.pdf,2019-20,104,Generating sets,Nos.,0,0,0,0,0,0,0,0,0,0,0,0,0,0,2,1
Table-2-for-year-2019-20.pdf,2019-20,,Manufacture of Machinery and Equipment n.e.c,,0.39,93.3,88.7,127,123,77.26,29.38,27.07,97.41,90.37,57.21,113.43,125.24,87.45,2,1
Table-2-for-year-2019-20.pdf,2019-20,105,Tractors,Nos,0.34,2811,2762,4016,3889,2412,781,683,3054,2858,1742,3560,4040,32608,2,1
Table-2-for-year-2019-20.pdf,2019-20,106,Heavy machinery & equipment,MT,0.03,188,22,5,10,11,70,51,0,0,0,0,0,357,2,1
Table-2-for-year-2019-20.pdf,2019-20,107,Sewing machines,Nos.,0,3415,3149,3324,3114,3080,2971,2966,2833,1771,65,147,1727,28562,2,1
Table-2-for-year-2019-20.pdf,2019-20,108,Power looms,Nos.,0,44,37,37,38,41,40,40,37,24,335,18,17,708,2,1
Table-2-for-year-2019-20.pdf,2019-20,111,Sugarcane machines,Nos.,0,22,24,25,24,21,7,13,11,6,4,13,32,202,2,1
Table-2-for-year-2019-20.pdf,2019-20,112,Wheat thrashers,Nos.,0.01,21,20,31,29,14,27,35,38,37,46,72,8,378,2,1
Table-2-for-year-2019-20.pdf,2019-20,113,Chaff cutters,Nos.,0,1285,1106,1051,894,1116,699,1441,1507,1427,827,934,1011,13298,2,1
Table-2-for-year-2019-20.pdf,2019-20,114-115,Jeeps & Cars,Nos,2.71,17161,11257,9674,10972,7940,9251,12764,11275,7660,0,1615,7195,106764,2,1
Table-2-for-year-2019-20.pdf,2019-20,114,Jeeps,Nos,0,597,564,504,1034,871,536,732,1081,812,0,843,1553,9127,2,1
Table-2-for-year-2019-20.pdf,2019-20,115,Cars,Nos,0,16564,10693,9170,9938,7069,8715,12032,10194,6848,0,772,5642,97637,2,1
Table-2-for-year-2019-20.pdf,2019-20,116,L.C.V.'s,Nos,0.04,2339,2193,1628,1269,795,636,1318,1691,1538,0,105,1562,15074,2,1
Table-2-for-year-2019-20.pdf,2019-20,117,Trucks,Nos,0.19,471,373,370,456,423,385,473,406,401,0,59,408,4225,2,1
Table-2-for-year-2019-20.pdf,2019-20,118,Buses,Nos,0.15,82,67,37,56,70,64,50,74,32,0,0,91,623,2,1
Table-2-for-year-2019-20.pdf,2019-20,119,Diesel engines,Nos.,0,140,142,136,127,120,119,106,96,64,42,56,146,1294,2,1
Table-2-for-year-2019-20.pdf,2019-20,,Manufacture of other transport Equipment,,0.69,88.2,97,102.1,118.9,108.71,98.39,113.2,104.26,73.33,0.43,34.15,109.72,87.37,2,1
Table-2-for-year-2019-20.pdf,2019-20,120,Motor cycles,Nos,0.68,152215,167455,176480,205755,187942,169904,195762,180188,127246,744,59489,190268,1813448,2,1
Table-2-for-year-2019-20.pdf,2019-20,121,Bicycles,Nos.,0.01,15420,15395,15394,15501,15400,15555,15439,15220,6286,0,1000,10515,141125,2,1
Table-2-for-year-2019-20.pdf,2019-20,122,Furniture,TH.NO,0.51,10,10,10,16,8,25,18,11,19,6,8,4,145,2,1
Table-2-for-year-2019-20.pdf,2019-20,123,Foot balls,TH.NO,0.32,298,311,290,328,331,266,256,285,244,85,126,248,3068,2,1
Table-2-for-year-2020-21.pdf,2020-21,3-Jan,"Sugar, Bakery products and Chocolate & sugar confectionery",MT,3.43,0,0,0,0,458435,1423187,1926408,1495092,315854,25302,39630,10503,5694411,1,1
Table-2-for-year-2020-21.pdf,2020-21,2,Bakery products,MT,0,0,0,0,0,0,0,0,0,0,0,0,0,0,1,1
Table-2-for-year-2020-21.pdf,2020-21,3,Chocolate & sugar confectionery,MT,0,0,0,0,0,0,0,0,0,0,0,0,0,0,1,1
Table-2-for-year-2020-21.pdf,2020-21,4,Cooking oil,MT,1.48,36201,34823,33336,37799,39665,38479,36737,37838,39229,40614,45751,39388,459860,1,1
Table-2-for-year-2020-21.pdf,2020-21,5,Vegetable ghee,000 L,1.38,119265,110965,115107,122286,130253,127483,123701,119088,119679,122911,119298,124571,1454606.9,1,1
Table-2-for-year-2020-21.pdf,2020-21,7-Jun,Wheat & Rice Milling,MT,3.66,963414,782695,970365,953013,948277,965209,818913,1332879,1085442,939212,849070,976974,11585463,1,1
Table-2-for-year-2020-21.pdf,2020-21,9-Aug,Starch & its products,MT,0.27,35481,28698,35991,36779,32738,28583,27372,28657,31689,30858,30351,30466,377663,1,1
Table-2-for-year-2020-21.pdf,2020-21,8,Starch,MT,0,21657,17079,21181,22450,20406,15687,14776,15549,16633,17203,18776,18778,220175,1,1
Table-2-for-year-2020-21.pdf,2020-21,9,Glucose,MT,0,13824,11619,14810,14329,12332,12896,12596,13108,15056,13655,11575,11688,157488,1,1
Table-2-for-year-2020-21.pdf,2020-21,10,Tea blended,MT,0.48,8446,8916,9912,10442,12125,13810,12165,11265,13485,12777,12800,11091,137234,1,1
Table-2-for-year-2020-21.pdf,2020-21,12-Nov,Soft drinks and Mineral waters,000 Litres,1.63,309979,282574,276160,205818,166891,140995,156863,242280.4,290129.8,320400.8,352211.8,302551.8,3046855,1,1
Table-2-for-year-2020-21.pdf,2020-21,13-15,"Juices, syrups & squashes",000 L,2.21,34096,33762,32457,31086,25092,24011,28149,29457,38050,38600,45073,41665,401498,1,1
Table-2-for-year-2020-21.pdf,2020-21,13,Fruit Juices,000 L,0,27682,27378,26127,24884,19175,17530,19216,21444,22970,29151,35888,35669,307114,1,1
Table-2-for-year-2020-21.pdf,2020-21,14,Syrups & squashes,000 L,0,6414,6384,6330,6202,5917,6481,8933,8013,15080,9449,9185,5996,94384,1,1
Table-2-for-year-2020-21.pdf,2020-21,15,Preserved Milk,000 L,0,0,0,0,0,0,0,0,0,0,0,0,0,0,1,1
Table-2-for-year-2020-21.pdf,2020-21,16,Liquors,000 L,0,79,79,79,79,79,79,79,79.5,79.5,79.5,79.5,79.5,953.7,1,1
Table-2-for-year-2020-21.pdf,2020-21,17,Cigarettes,Mil. Nos.,2.07,4821,3935,4193,4244,4214,3707,4504,4483,5372,5111,4296,2647,51527,1,1
Table-2-for-year-2020-21.pdf,2020-21,18-19,Yarn,MT,8.88,286115,285450,285375,285900,286100,286725,286975,287510,287525,287900,287980,288030,3441585,1,1
Table-2-for-year-2020-21.pdf,2020-21,20-21,Cloth,000 Sq M,7.29,86887,87350,87330,87375,87400,87425,87410,87430,87435,87450,87470,87485,1048447,1,1
Table-2-for-year-2020-21.pdf,2020-21,22-24,JUTE GOODS (TOTAL),MT,0.33,4888,4307,5577,5436,5267,6015,6586,6718,7910,6947,6239,3921,69811,1,1
Table-2-for-year-2020-21.pdf,2020-21,22,Hessian,MT,0,1421,1363,1638,1619,1663,1789,1909,1577,1519,1626,1507,850,18481,1,1
Table-2-for-year-2020-21.pdf,2020-21,23,Sacking,MT,0,2691,2236,3075,2972,2688,3162,3647,4423,5871,4747,4276,2816,42604,1,1
Table-2-for-year-2020-21.pdf,2020-21,24,Others,MT,0,776,708,864,845,916,1064,1030,718,520,574,456,255,8726,1,1
Table-2-for-year-2020-21.pdf,2020-21,25,Terry towels & Bath robes,MT,0.59,18125,12794,16830,18796,18733,19013,19391,17214,18018,18717,13293,22226,213150,1,1
Table-2-for-year-2020-21.pdf,2020-21,26,Woollen & carpet yarn,MT,0.05,484,524,652,603,721,731,758,719,790,726,618,763,8089,1,1
Table-2-for-year-2020-21.pdf,2020-21,27,Woolen & worsted cloth,000 Sq M,0.09,77,41,75,97,108,138,116,122,113,68,54,87,1096,1,1
Table-2-for-year-2020-21.pdf,2020-21,28,Knitting wool,MT,0.01,18,20,40,42,47,42,48,47,44,35,25,20,428,1,1
Table-2-for-year-2020-21.pdf,2020-21,29,Woolen blankets,Nos,0.91,2899,814,4774,7713,9485,6747,3931,5924,8577,7156,7382,6077,71479,1,1
Table-2-for-year-2020-21.pdf,2020-21,30,Garments,000' Dozen,6.08,3427,2450,2650,2933,3086,3480,3531,3001,3287,3066,2404,3932,37247,1,1
Table-2-for-year-2020-21.pdf,2020-21,31,Upper leather,000 Sq M,0.4,1138,977,1356,1518,1546,1557,1753,1727,1752,1691,1757,1340,18112,1,1
Table-2-for-year-2020-21.pdf,2020-21,32,Sole leather,,0,14,14,14,14,14,14,14,14,14,14,14,14,168,1,1
Table-2-for-year-2020-21.pdf,2020-21,33,Footwear,`000' Pairs,0.83,1917,1891,2060,2076,2085,2081,2121,2313,2269,2246,2274,2325,25658,1,1
Table-2-for-year-2020-21.pdf,2020-21,34,Plywood,000 Sq Ft,0.09,438,511,671,514,705,772,702,697,660,658,521,565,7414,1,1
Table-2-for-year-2020-21.pdf,2020-21,35,Chip Board,MT,0.09,0,0,0,0,0,0,0,0,0,0,0,0,0,1,1
Table-2-for-year-2020-21.pdf,2020-21,36-39,Paper,,0,14795,14003,19791,21170,22400,20674,19368,19901,20800,21104,15556,19439,229001,1,1
Table-2-for-year-2020-21.pdf,2020-21,,Paper Board,,0,41795,40446,40187,44009,42329,41379,45674,38869,45234,44570,43501,33220,501213,1,1
Table-2-for-year-2020-21.pdf,2020-21,40,Corrugated paper/ paperboard containers,,0,0,0,0,0,0,0,0,0,0,0,0,0,0,1,1
Table-2-for-year-2020-21.pdf,2020-21,41,Coke,MT,0,0,0,0,0,0,0,0,0,0,0,0,0,0,1,1
Table-2-for-year-2020-21.pdf,2020-21,42-52,Petroleum Products,000 L,6.66,100,90.8,94.7,100,97.9,110.2,96.7,90.9,101.3,103.4,94.8,113.7,99.5,1,1
Table-2-for-year-2020-21.pdf,2020-21,42,Jet fuel oil,000 L,0.47,42603,41254,48618,48406,52490,64001,51710,52729.9,63767.7,51670.8,44608.7,48837.1,610695.6,1,1
Table-2-for-year-2020-21.pdf,2020-21,43,Kerosene oil,000 L,0.08,14404,10232,11242,10455,8259,6327,6038,8801.4,10255,11958.5,7936.4,11713.7,117621.3,1,1
Table-2-for-year-2020-21.pdf,2020-21,44,Motor spirits,000 L,1.08,282871,262794,272571,264074,283316,317661,281863,258487.2,289242.8,325985.7,271205.8,314253,3424325.1,1,1
Table-2-for-year-2020-21.pdf,2020-21,45,High speed diesel,000 L,2.51,492638,452695,451413,468864,446293,497322,421783,420451.9,484099.4,459617.1,456370.5,560918.3,5612465.6,1,1
Table-2-for-year-2020-21.pdf,2020-21,46,Diesel oil n.o.s.,000 L,0.02,2004,2288,456,1532,861,1656,1737,2099.1,677.8,2186.5,1420.1,1687.1,18602.7,1,1
Table-2-for-year-2020-21.pdf,2020-21,47,Furnace oil,000 L,0.96,230465,211303,228150,242373,244246,265573,227608,188923.3,211227.9,217648,194927.7,254684.8,2717129.1,1,1
Table-2-for-year-2020-21.pdf,2020-21,48,Lubricating oil,000 L,0.18,7239,4733,10823,19144,19282,19502,15617,15504.3,17118.5,15528.3,13517.9,14567.3,172576.8,1,1
Table-2-for-year-2020-21.pdf,2020-21,49,Jute batching oil,000 L,0,188,159,239,152,152,144,132,195.5,366.4,443.5,105,144.1,2419.9,1,1
Table-2-for-year-2020-21.pdf,2020-21,50,Solvant Naptha,000 L,0.95,45636,30362,41674,52144,35011,49570,50455,40505.6,33602.6,50259.3,44301.1,53935.1,527455.1,1,1
Table-2-for-year-2020-21.pdf,2020-21,51,LPG,000 L,0.22,67330,71488,63074,72077,76411,82663,79197,68579.5,76231.4,72031.1,70987,73036.7,873105.8,1,1
Table-2-for-year-2020-21.pdf,2020-21,52,Petroleum prods: n.o.s.,000 L,0.18,18624,13400,13885,18452,17197,20378,20036,27858,28676.2,23986.9,23459.6,27462.6,253415.9,1,1
Table-2-for-year-2020-21.pdf,2020-21,53-64,Chemicals Products,,2.55,91.4,91.12,102.22,110.42,97.89,103.02,107.2,101.12,105.54,104.26,95.8,112.9,101.9,1,1
Table-2-for-year-2020-21.pdf,2020-21,53,Caustic soda,MT,0.23,30284,30241,31797,34803,32445,34342,29173,33473,35464,36364,32777,32959,394122,1,1
Table-2-for-year-2020-21.pdf,2020-21,54,Toilet soaps,MT,0.73,5211,5250,5955,6335,6334,5806,5195,5183,5196,5619,5142,6410,67636,1,1
Table-2-for-year-2020-21.pdf,2020-21,55,Soaps & detergents,MT,0.26,32971,29333,33057,33339,31523,32707,32581,32300,32696,31643,31759,32383,386292,1,1
Table-2-for-year-2020-21.pdf,2020-21,56,Paints & varnishes(L),`000' Litres,0.54,2816,3247,3309,3251,2755,2978,3359,3143,3111,3100,3154,3025,37248,1,1
Table-2-for-year-2020-21.pdf,2020-21,57,Paints & varnishes(S),Tonnes,0.18,6458,7437,6627,7203,7628,7423,9383,6475,12214,8219,5195,5904,90166,1,1
Table-2-for-year-2020-21.pdf,2020-21,58,Soda ash,MT,0.08,42655,43326,44154,49987,51867,53348,50887,48236,54949,54553,52303,48012,594277,1,1
Table-2-for-year-2020-21.pdf,2020-21,59,Sulphuric acid,MT,0.41,4565,3274,6183,7743,4095,6050,7721,6917,4202,5612,5647,10472,72481,1,1
Table-2-for-year-2020-21.pdf,2020-21,60,Synthetic fibres,MT,0.01,29435,41864,37703,39262,38904,35107,48009,34356,36316,43828,40037,41824,466645,1,1
Table-2-for-year-2020-21.pdf,2020-21,61,Matches,Mil. Boxes,0.03,658,728,717,773,783,778,733,653,655,641,580,635,8334,1,1
Table-2-for-year-2020-21.pdf,2020-21,62,Hydrochloric acid,MT,0.06,32046,34426,34265,33817,34759,34006,32933,34877,38479,37976,37047,32715,417346,1,1
Table-2-for-year-2020-21.pdf,2020-21,63,Polishes & creams,Kgs.,0.01,78703,92729,51586,76565,79530,80324,71366,63086.7,122757.9,115745.6,81489.6,121848.3,1035731.2,1,1
Table-2-for-year-2020-21.pdf,2020-21,64,Chlorine,MT,0,1180,1381,1576,1593,1598,1353,1553,1365,1439,1457,1191,1392,17078,1,1
Table-2-for-year-2020-21.pdf,2020-21,65-71,Fertilizers,,3.93,106.5,116.41,117.83,124.79,111.06,107.36,92.55,92.27,106.96,116.35,123.5,110.1,110.5,1,1
Table-2-for-year-2020-21.pdf,2020-21,65-67,Phos. fertilizers,NT,0.5,67676,66050,66356,71033,69474,67129,31330,45509,61055,66353,67833,68118,747916,1,1
Table-2-for-year-2020-21.pdf,2020-21,68-71,Nit. fertilizers,NT,3.43,262130,291648,295556,312495,273967,264863,245945,235719,267743,291290,310835,272198,3324389,1,1
Table-2-for-year-2020-21.pdf,2020-21,73,Liquids/syrups,`000' Litres,1.62,8097,5658,7657,10392,10567,10806,10136,10942,11957,10140,10462,13555,120369,2,1
Table-2-for-year-2020-21.pdf,2020-21,74,Injections,`000' Nos.,0.47,134284,108581,131045,129785,140662,138871,132930,129000,137961,126018,143026,81703,1533866,2,1
Table-2-for-year-2020-21.pdf,2020-21,75,Capsules,`000' Nos.,0.23,316953,294844,424443,440605,403128,402598,408941,431259,446432,433144,384451,279168,4665966,2,1
Table-2-for-year-2020-21.pdf,2020-21,76,Galenicals (tincture),`000' Litres,0.01,10,4,10,11,6,3,5,2,5,2,5,6,69,2,1
Table-2-for-year-2020-21.pdf,2020-21,77,Ointments,`000' Kgs.,0.1,271,250,275,203,250,257,260,259.5,245,268.3,250.8,199.8,2990.4,2,1
Table-2-for-year-2020-21.pdf,2020-21,78,Cycle tyres,`000' Nos.,0.01,294,300,302,315,318,272,276,280,284,289,293,296,3519,2,1
Table-2-for-year-2020-21.pdf,2020-21,79,Cycle tubes,`000' Nos.,0,598,606,592,605,610,527,531,535,540,545,552,554,6795,2,1
Table-2-for-year-2020-21.pdf,2020-21,80,Motor tyres,`000' Nos.,0.24,982,941,1053,1017,966,646,656,604.2,670.5,643.2,593,687.2,9458.5,2,1
Table-2-for-year-2020-21.pdf,2020-21,81,Motor tubes,`000' Nos.,0,1878,1881,1893,1918,1922,1858,1836,1885.8,1842.4,1857.7,1833.9,1840.5,22447.2,2,1
Table-2-for-year-2020-21.pdf,2020-21,,Manufacturing of Non Metalic Mineral Products,,5.01,141.8,102.9,139.3,171.3,132.03,136.36,140.33,134.09,154.99,139.37,110.89,154.56,138.16,2,1
Table-2-for-year-2020-21.pdf,2020-21,82,Glass plates & sheets,000 Sq M,0.36,1738,871,1215,1375,807,864,773,897,931,876,1019,1058,12424,2,1
Table-2-for-year-2020-21.pdf,2020-21,83,Cement,000 MT,4.65,4100,3067,4143,5123,4009,4133,4281,4053,4710,4226,3286,4666,49797,2,1
Table-2-for-year-2020-21.pdf,2020-21,84,Pig iron,MT,0,0,0,0,0,0,0,0,0,0,0,0,0,0,2,1
Table-2-for-year-2020-21.pdf,2020-21,85,Billets/Ingots,MT,0.92,355000,350000,365000,383000,381000,440000,437000,410000,443000,422000,360000,431000,4777000,2,1
Table-2-for-year-2020-21.pdf,2020-21,86-88,H/C.R.Sheets/Strips/Coils/plates etc,MT,2.52,249400,250050,260050,280200,280500,281200,281550,281700,281950,282950,283000,283900,3296450,2,1
Table-2-for-year-2020-21.pdf,2020-21,89,Metal drums,MT,0.06,103,29,19,16,19,18,21,21,10,7,8,13,284,2,1
Table-2-for-year-2020-21.pdf,2020-21,90-91,Safety razer blades and Cutlery,`000' Nos.,0.36,146519,152960,166406,184092,165338,169352,173235,168340,173009,182494,152718,150731,1985194,2,1
Table-2-for-year-2020-21.pdf,2020-21,,"Manufacture of Computer, electronics and Optical products",,0.03,50.3,50.2,59.7,51,37.23,38.39,43.69,45.01,46.34,44.73,43.69,45.01,46.27,2,1
Table-2-for-year-2020-21.pdf,2020-21,92,T.V. sets,Nos.,0.03,18990,18967,22530,19280,14059,14500,16500,17000,17500,16893,16500,17000,209719,2,1
Table-2-for-year-2020-21.pdf,2020-21,93,Refrigerators,Nos.,0.25,99058,80603,88465,110308,103878,108703,100960,116660,119535,131953,131327,159539,1350989,2,1
Table-2-for-year-2020-21.pdf,2020-21,94,Electric transformers,Nos.,0.35,2310,2405,2760,2600,2450,2296,2220,2230,2400,2744,2190,2176,28781,2,1
Table-2-for-year-2020-21.pdf,2020-21,95,Deepfreezers,Nos.,0.17,28950,11002,4034,3301,2440,2536,4291,5157,7236,11732,11925,18925,111529,2,1
Table-2-for-year-2020-21.pdf,2020-21,96,Switch gears,Nos.,0,300,350,404,431,437,440,465,570,650,854,503,1072,6476,2,1
Table-2-for-year-2020-21.pdf,2020-21,97,Electric fans,Nos.,0.08,265313,231015,172135,160052,148194,124997,139955,169414,257977,268484,272225,288909,2498670,2,1
Table-2-for-year-2020-21.pdf,2020-21,98,Electric meters,Nos.,0.16,138487,132163,138800,57256,63000,66000,95737,112758,140414,186762,132380,155175,1418932,2,1
Table-2-for-year-2020-21.pdf,2020-21,99,Airconditioners,Nos.,0.09,71912,34570,20322,18007,14569,20373,36540,40861,35418,62953,66431,86537,508493,2,1
Table-2-for-year-2020-21.pdf,2020-21,100,Electric bulbs,`000' Nos.,0.02,5387,4289,5789,5676,5085,4431,3766,3551,3377,3889,3957,2128,51325,2,1
Table-2-for-year-2020-21.pdf,2020-21,101,Electric motors (including Insulated wire & cable),Nos.,0.43,2518,2942,2900,3075,2516,1935,1978,2278,2363,2566,2504,2479,30054,2,1
Table-2-for-year-2020-21.pdf,2020-21,102,Electric tubes,`000' Metre,0,0,0,0,0,0,0,0,0,0,0,0,0,0,2,1
Table-2-for-year-2020-21.pdf,2020-21,103,Storagae batteries,Nos.,0.51,9285,9506,9636,9675,9665,9640,11133,10715,13103,12111,9920,12206,126595,2,1
Table-2-for-year-2020-21.pdf,2020-21,104,Generating sets,Nos.,0,0,0,0,0,0,0,0,0,0,0,0,0,0,2,1
Table-2-for-year-2020-21.pdf,2020-21,,Manufacture of Machinery and Equipment n.e.c,,0.39,104,104.5,141.5,123.7,118.28,129.65,112.84,135.92,171.24,145.99,127.96,154.88,130.87,2,1
Table-2-for-year-2020-21.pdf,2020-21,105,Tractors,Nos,0.34,3335,3359,4615,4003,3843,4217,3631,4375,5462,4684,4110,5066,50700,2,1
Table-2-for-year-2020-21.pdf,2020-21,106,Heavy machinery & equipment,MT,0.03,103,29,19,16,19,18,21,21,10,7,8,13,284,2,1
Table-2-for-year-2020-21.pdf,2020-21,107,Sewing machines,Nos.,0,1687,1617,1472,1703,1655,1687,1820,1590,1946,1727,1632,1675,20211,2,1
Table-2-for-year-2020-21.pdf,2020-21,108,Power looms,Nos.,0,18,20,25,28,31,32,35,38,37,38,39,38,379,2,1
Table-2-for-year-2020-21.pdf,2020-21,111,Sugarcane machines,Nos.,0,7,14,9,10,9,5,7,10,12,7,6,9,105,2,1
Table-2-for-year-2020-21.pdf,2020-21,112,Wheat thrashers,Nos.,0.01,3,13,10,15,8,13,20,29,62,44,35,7,259,2,1
Table-2-for-year-2020-21.pdf,2020-21,113,Chaff cutters,Nos.,0,756,862,1143,1121,955,809,850,900,870,834,926,1060,11086,2,1
Table-2-for-year-2020-21.pdf,2020-21,114-115,Jeeps & Cars,Nos,2.71,9862,8960,14215,13568,13470,14544,17137,16179,20480,17341,15247,21386,182389,2,1
Table-2-for-year-2020-21.pdf,2020-21,114,Jeeps,Nos,0,1430,1677,1885,2309,1978,2806,3657,3015,2927,2537,1966,2740,28927,2,1
Table-2-for-year-2020-21.pdf,2020-21,115,Cars,Nos,0,8432,7283,12330,11259,11492,11738,13480,13164,17553,14804,13281,18646,153462,2,1
Table-2-for-year-2020-21.pdf,2020-21,116,L.C.V.'s,Nos,0.04,2418,2068,2728,2622,3139,2783,3362,3156,3769,3372,3559,2936,35912,2,1
Table-2-for-year-2020-21.pdf,2020-21,117,Trucks,Nos,0.19,363,341,461,394,350,288,327,392,556,518,505,851,5346,2,1
Table-2-for-year-2020-21.pdf,2020-21,118,Buses,Nos,0.15,51,29,51,44,77,51,56,58,63,48,35,68,631,2,1
Table-2-for-year-2020-21.pdf,2020-21,119,Diesel engines,Nos.,0,96,132,144,152,135,156,150,147,139,134,129,130,1644,2,1
Table-2-for-year-2020-21.pdf,2020-21,120,Motor cycles,Nos,0.68,189191,178191,218193,221655,226418,209788,205055,203665,223438,206584,191910,201806,2475894,2,1
Table-2-for-year-2020-21.pdf,2020-21,121,Bicycles,Nos.,0.01,5200,5160,5300,5400,5550,5900,6400,6900,7300,8300,8800,9100,79310,2,1
Table-2-for-year-2020-21.pdf,2020-21,122,Furniture,TH.NO,0.51,12,3,10,13,14,16,24,74,52,73,26,76,393,2,1
Table-2-for-year-2020-21.pdf,2020-21,123,Foot balls,TH.NO,0.32,245,178,219,191,191,222,189,177,220,267,169,276,2544,2,1
Table-2-for-year-2021-22.pdf,2021-22,,Quantity,,,-21,-21,-21,-21,-21,-21,-22,-22,-22,-22,-22,-22,,1,1
Table-2-for-year-2021-22.pdf,2021-22,3-Jan,"Sugar, Bakery products and Chocolate & sugar confectionery",,,0,0,0,0,332128,1474159,2162097,1810005,1981436,109367,37828,14198,7921218,1,1
Table-2-for-year-2021-22.pdf,2021-22,2,Bakery products,MT,,0,0,0,0,0,0,0,0,0,0,0,0,0,1,1
Table-2-for-year-2021-22.pdf,2021-22,3,Chocolate & sugar confectionery,MT,,0,0,0,0,0,0,0,0,0,0,0,0,0,1,1
Table-2-for-year-2021-22.pdf,2021-22,4,Cooking oil,MT,,38269,38713,35087,36205,38521,39472,43300,43800,49515,48828,44174,44208,500092,1,1
Table-2-for-year-2021-22.pdf,2021-22,5,Vegetable ghee,000 L,,105616,109334,112118,122143,132598,131633,120318,122372,112602,109598,108527,116114,1402973,1,1
Table-2-for-year-2021-22.pdf,2021-22,7-Jun,Wheat & Rice Milling,MT,,978581,883273,922958,979464,987270,973485,905523,983744,913723,866205,816832,800450,11011508,1,1
Table-2-for-year-2021-22.pdf,2021-22,9-Aug,Starch & its products,MT,,30175,33632,35094,34179,34976,35830,33120,34973,35879,35921,37040,38127,418946,1,1
Table-2-for-year-2021-22.pdf,2021-22,8,Starch,MT,,17197,20331,21204,20660,21691,21258,19120,20672,21473,21496,23482,24386,252970,1,1
Table-2-for-year-2021-22.pdf,2021-22,9,Glucose,MT,,12978,13301,13890,13519,13285,14572,14000,14301,14406,14425,13558,13741,165976,1,1
Table-2-for-year-2021-22.pdf,2021-22,10,Tea blended,MT,,11176,11508,12707,11668,12144,13196,14011,14202,11932,11518,8354,8304,140720,1,1
Table-2-for-year-2021-22.pdf,2021-22,12-Nov,Soft drinks and Mineral waters,000 Litres,,356467,312102,262906,232968,160950,115278,125400,156978,248145,280100,356331,361933,2969558,1,1
Table-2-for-year-2021-22.pdf,2021-22,13-15,"Juices, syrups & squashes",000 L,,39195,36724,32904,30760,24921,25889,28827,30556,38034,45687,35746,45122,414365,1,1
Table-2-for-year-2021-22.pdf,2021-22,13,Fruit Juices,000 L,,33481,30547,28626,26062,21186,14603,15460,17656,18596,23254,24262,33526,287259,1,1
Table-2-for-year-2021-22.pdf,2021-22,14,Syrups & squashes,000 L,,5714,6177,4278,4698,3735,11286,13367,12900,19438,22433,11484,11596,127106,1,1
Table-2-for-year-2021-22.pdf,2021-22,15,Preserved Milk,000 L,,0,0,0,0,0,0,0,0,0,0,0,0,0,1,1
Table-2-for-year-2021-22.pdf,2021-22,16,Liquors,000 L,,79,79,79,79,79,79,79,79,79,79,79,79,954,1,1
Table-2-for-year-2021-22.pdf,2021-22,17,Cigarettes,Mil. Nos.,,4160,5264,5688,4406,5443,5588,5557,4666,5291,4955,4167,4510,59695,1,1
Table-2-for-year-2021-22.pdf,2021-22,18-19,Yarn,MT,,288050,288075,288015,288055,288270,288305,288340,288740,288840,287950,288055,288045,3458740,1,1
Table-2-for-year-2021-22.pdf,2021-22,20-21,Cloth,000 Sq M,,87600,87510,87495,87525,87590,87605,87620,87640,87700,87470,87500,87495,1050750,1,1
Table-2-for-year-2021-22.pdf,2021-22,22-24,JUTE GOODS (TOTAL),MT,,3314,3082,4098,5580,6039,6332,5796,4557,5324,5301,3744,4508,57675,1,1
Table-2-for-year-2021-22.pdf,2021-22,22,Hessian,MT,,719,799,1078,1287,1252,1317,1302,1172,1357,1306,915,1261,13765,1,1
Table-2-for-year-2021-22.pdf,2021-22,23,Sacking,MT,,2257,1924,2353,3362,3809,4136,3855,2822,3281,3426,2568,3007,36800,1,1
Table-2-for-year-2021-22.pdf,2021-22,24,Others,MT,,338,359,667,931,978,879,639,563,686,569,261,240,7110,1,1
Table-2-for-year-2021-22.pdf,2021-22,25,Terry towels & Bath robes,MT,,18509,19531,16968,17004,21741,18962,17301,18300,18493,20029,17782,16868,221488,1,1
Table-2-for-year-2021-22.pdf,2021-22,26,Woollen & carpet yarn,MT,,605,645,549,570,767,1101,1142,1175,1204,1260,1354,1452,11824,1,1
Table-2-for-year-2021-22.pdf,2021-22,27,Woolen & worsted cloth,000 Sq M,,78,94,145,161,130,113,138,107,90,94,78,165,1393,1,1
Table-2-for-year-2021-22.pdf,2021-22,28,Knitting wool,MT,,15,12,0,0,0,0,0,0,0,0,0,0,27,1,1
Table-2-for-year-2021-22.pdf,2021-22,29,Woolen blankets,Nos,,4777,9036,8935,11739,6368,5144,3332,8123,13191,13191,6457,2150,92443,1,1
Table-2-for-year-2021-22.pdf,2021-22,30,Garments,000' Dozen,,3615,3353,3293,3541,3835,4075,3791,5921,5867,6366,6215,5785,55657,1,1
Table-2-for-year-2021-22.pdf,2021-22,31,Upper leather,000 Sq M,,1084,1324,1209,1208,1155,1261,1323,1201,1384,1300,1237,1230,14916,1,1
Table-2-for-year-2021-22.pdf,2021-22,32,Sole leather,,,14,14,14,14,14,14,14,14,16,16,16,16,176,1,1
Table-2-for-year-2021-22.pdf,2021-22,33,Footwear,,,2329,2332,2376,2439,2467,2480,2537,2545,2580,2496,2588,2643,29812,1,1
Table-2-for-year-2021-22.pdf,2021-22,34,Plywood,000 Sq Ft,,544,561,587,3424,2570,2055,1938,2048,553,583,550,555,15968,1,1
Table-2-for-year-2021-22.pdf,2021-22,35,Chip Board,MT,,0,0,0,0,0,0,0,0,0,0,0,0,0,1,1
Table-2-for-year-2021-22.pdf,2021-22,36-39,Paper,,,21348,25427,29639,25737,26232,29468,25936,25678,30002,28135,26420,28450,322472,1,1
Table-2-for-year-2021-22.pdf,2021-22,,Paper Board,,,34626,50025,46421,45869,45802,45078,47995,41030,50490,44184,46163,46395,544078,1,1
Table-2-for-year-2021-22.pdf,2021-22,40,Corrugated paper/ paperboard,,,0,0,0,0,0,0,0,0,0,0,0,0,0,1,1
Table-2-for-year-2021-22.pdf,2021-22,41,Coke,MT,,0,0,0,0,0,0,0,0,0,0,0,0,0,1,1
Table-2-for-year-2021-22.pdf,2021-22,42-52,Petroleum Products,000 L,,98.17,99.97,104.74,115.01,93.65,86.45,95.68,95.39,109.49,98.18,102.49,103.21,100.2,1,1
Table-2-for-year-2021-22.pdf,2021-22,42,Jet fuel oil,000 L,,47322,48608,61064,75219,72646,75521,64944,67118,72221,74388,81971,72640,813663,1,1
Table-2-for-year-2021-22.pdf,2021-22,43,Kerosene oil,000 L,,14103,10273,12321,12217,12461,8393,13075,9552,9431,3411,7628,7369,120234,1,1
Table-2-for-year-2021-22.pdf,2021-22,44,Motor spirits,000 L,,279597,306877,282319,306346,271770,219461,273949,272426,320029,271030,283331,305072,3392205,1,1
Table-2-for-year-2021-22.pdf,2021-22,45,High speed diesel,000 L,,466558,466950,503560,521352,400797,364547,432334,449638,527612,493331,479546,508437,5614662,1,1
Table-2-for-year-2021-22.pdf,2021-22,46,Diesel oil n.o.s.,000 L,,1229,2365,2117,2172,2327,754,2487,662,753,461,308,1472,17107,1,1
Table-2-for-year-2021-22.pdf,2021-22,47,Furnace oil,000 L,,194686,212448,230220,269259,198671,172885,208640,192733,216992,194938,242824,232830,2567127,1,1
Table-2-for-year-2021-22.pdf,2021-22,48,Lubricating oil,000 L,,16750,15378,16450,17673,17368,14391,14039,16420,16850,16127,15929,10164,187539,1,1
Table-2-for-year-2021-22.pdf,2021-22,49,Jute batching oil,000 L,,202,0,316,235,32,480,280,232,191,312,120,223,2624,1,1
Table-2-for-year-2021-22.pdf,2021-22,50,Solvant Naptha,000 L,,51508,36391,49913,67136,42198,61830,38152,35482,41275,28656,38014,23849,514405,1,1
Table-2-for-year-2021-22.pdf,2021-22,51,LPG,000 L,,75009,73883,78033,78881,74707,71637,81351,70389,78237,71367,70191,69558,893241,1,1
Table-2-for-year-2021-22.pdf,2021-22,52,Petroleum prods: n.o.s.,000 L,,14062,24770,15131,23847,25392,27226,19104,25675,23742,23488,19549,23461,265447,1,1
Table-2-for-year-2021-22.pdf,2021-22,53-64,Chemicals Products,,,109.8,110.07,115.47,117.45,122.02,122.39,118.54,109.53,129,136.08,135.54,124.59,120.87,1,1
Table-2-for-year-2021-22.pdf,2021-22,53,Caustic soda,MT,,31914,27154,31790,36874,35605,32837,31550,29134,39360,34432,36873,37600,405123,1,1
Table-2-for-year-2021-22.pdf,2021-22,54,Toilet soaps,MT,,6962,7063,6895,6362,9320,8208,8129,8118,9561,9821,9027,7710,97176,1,1
Table-2-for-year-2021-22.pdf,2021-22,55,Soaps & detergents,MT,,30786,31854,32005,32202,32104,33066,35501,36401,39879,42817,46491,51016,444122,1,1
Table-2-for-year-2021-22.pdf,2021-22,56,Paints & varnishes(L),`000' Litres,,2621,2767,2766,2589,2599,2723,2710,2731,2751,2734,2746,2734,32471,1,1
Table-2-for-year-2021-22.pdf,2021-22,57,Paints & varnishes(S),Tonnes,,5692,7392,6101,8356,8166,7489,7661,7391,7430,7426,7433,7697,88234,1,1
Table-2-for-year-2021-22.pdf,2021-22,58,Soda ash,MT,,52099,54120,55232,55858,57089,59076,51561,49656,51177,53594,56598,55229,651289,1,1
Table-2-for-year-2021-22.pdf,2021-22,59,Sulphuric acid,MT,,9611,9189,11358,9729,7760,9397,8477,5732,9210,12274,11038,7517,111292,1,1
Table-2-for-year-2021-22.pdf,2021-22,60,Synthetic fibres,MT,,43700,43346,40204,41038,40800,40960,43211,41051,46880,46088,47325,46584,521187,1,1
Table-2-for-year-2021-22.pdf,2021-22,61,Matches,Mil. Boxes,,697,585,619,657,663,659,664,668,684,584,579,668,7727,1,1
Table-2-for-year-2021-22.pdf,2021-22,62,Hydrochloric acid,MT,,33249,30350,31161,47606,46922,55980,48609,45397,36121,33610,49989,51011,510005,1,1
Table-2-for-year-2021-22.pdf,2021-22,63,Polishes & creams,Kgs.,,79490,93656,52102,77331,80325,81128,72080,63718,123985,116903,82305,123067,1046089,1,1
Table-2-for-year-2021-22.pdf,2021-22,64,Chlorine,MT,,1404,1452,1642,1761,1740,1961,1807,1555,1002,949,1815,2012,19100,1,1
Table-2-for-year-2021-22.pdf,2021-22,65-71,Fertilizers,,,110.22,110.93,94.9,116.59,106.75,114.1,119.22,110.14,125.06,120.88,121.39,111.8,113.5,1,1
Table-2-for-year-2021-22.pdf,2021-22,65-67,Phos. fertilizers,NT,,67680,69555,67137,70968,60675,61782,68194,63968,71225,67736,70297,64900,804117,1,1
Table-2-for-year-2021-22.pdf,2021-22,68-71,Nit. fertilizers,NT,,272730,273535,228933,288900,267371,287820,298337,274973,313158,303419,303198,279123,3391497,1,1
Table-2-for-year-2021-22.pdf,2021-22,73,Liquids/syrups,`000' Litres,,15091,14478,14031,13145,10928,13794,19473,20397,23237,26597,30411,34755,236337,1,1
Table-2-for-year-2021-22.pdf,2021-22,74,Injections,`000' Nos.,,85236,85371,91177,81861,78309,78839,66754,78076,77756,71743,78616,88851,962589,1,1
Table-2-for-year-2021-22.pdf,2021-22,75,Capsules,`000' Nos.,,258674,243360,257469,244895,239466,224272,162111,173404,193843,183476,201009,231762,2613741,1,1
Table-2-for-year-2021-22.pdf,2021-22,76,Galenicals (tincture),`000' Litres,,3,5,6,4,8,7,3,2,3,4,3,6,54,1,1
Table-2-for-year-2021-22.pdf,2021-22,77,Ointments,`000' Kgs.,,188,256,272,285,254,244,299,303,339,303,273,338,3355,1,1
Table-2-for-year-2021-22.pdf,2021-22,,Quantity,,,-21,-21,-21,-21,-21,-21,-22,-22,-22,-22,-22,-22,,2,1
Table-2-for-year-2021-22.pdf,2021-22,78,Cycle tyres,`000' Nos.,,300,304,308,314,319,310,320,323,331,335,339,343,3846,2,1
Table-2-for-year-2021-22.pdf,2021-22,79,Cycle tubes,`000' Nos.,,557,564,571,573,577,570,580,586,603,610,616,623,7030,2,1
Table-2-for-year-2021-22.pdf,2021-22,80,Motor tyres,`000' Nos.,,646,672,701,660,697,605,640,648,669,649,618,698,7906,2,1
Table-2-for-year-2021-22.pdf,2021-22,81,Motor tubes,`000' Nos.,,1858,1862,1875,1869,1845,1846,1868,1859,1910,1853,1878,1867,22391,2,1
Table-2-for-year-2021-22.pdf,2021-22,82,Glass plates & sheets,000 Sq M,,925,1037,1816,1776,2071,2158,2034,1756,2246,2166,2782,1502,22269,2,1
Table-2-for-year-2021-22.pdf,2021-22,83,Cement,000 MT,,3689,3765,4014,4483,4311,4087,3505,4084,4605,3361,3236,4871,48011,2,1
Table-2-for-year-2021-22.pdf,2021-22,84,Pig iron,MT,,0,0,0,0,0,0,0,0,0,0,0,0,0,2,1
Table-2-for-year-2021-22.pdf,2021-22,85,Billets/Ingots,MT,,387000,421000,576000,583000,581000,560000,550000,545000,530000,540000,530000,555000,6358000,2,1
Table-2-for-year-2021-22.pdf,2021-22,86-88,H/C.R.Sheets/Strips/Coils/plates etc,MT,,284500,285000,290000,292000,295000,296500,297000,299000,300000,300200,300500,300800,3540500,2,1
Table-2-for-year-2021-22.pdf,2021-22,89,Metal drums,MT,,64,50,82,22,21,17,49,35,42,44,47,34,507,2,1
Table-2-for-year-2021-22.pdf,2021-22,90-91,Safety razer blades and Cutlery,`000' Nos.,,142703,144563,129007,164217,166217,153874,128156,134021,152974,156077,149392,150324,1771525,2,1
Table-2-for-year-2021-22.pdf,2021-22,92,T.V. sets,Nos.,,16500,17000,17200,17500,18500,18000,18721,18914,18212,18010,19410,19202,217169,2,1
Table-2-for-year-2021-22.pdf,2021-22,93,Refrigerators,Nos.,,167064,142053,143022,116509,111511,60727,76527,98051,112483,118141,118578,123891,1388557,2,1
Table-2-for-year-2021-22.pdf,2021-22,94,Electric transformers,Nos.,,1910,1880,2085,2200,2288,2823,3013,3624,3901,3719,3590,3800,34833,2,1
Table-2-for-year-2021-22.pdf,2021-22,95,Deepfreezers,Nos.,,18748,14192,11221,5974,4904,4425,6353,7556,13697,16167,16881,17740,137858,2,1
Table-2-for-year-2021-22.pdf,2021-22,96,Switch gears,Nos.,,788,799,1166,818,1182,1269,1309,1319,1418,1134,1016,1140,13358,2,1
Table-2-for-year-2021-22.pdf,2021-22,97,Electric fans,Nos.,,290116,265414,214096,201040,175414,165902,165902,167449,199415,221120,255147,279413,2600428,2,1
Table-2-for-year-2021-22.pdf,2021-22,98,Electric meters,Nos.,,150393,127947,88426,92664,199202,189705,199914,218402,204892,196078,180378,182000,2030001,2,1
Table-2-for-year-2021-22.pdf,2021-22,99,Airconditioners,Nos.,,93455,78069,59377,23732,21446,18732,18162,37760,49600,64951,66979,76108,608371,2,1
Table-2-for-year-2021-22.pdf,2021-22,100,Electric bulbs,`000' Nos.,,2235,2449,2349,2845,7519,7368,6940,6359,2667,2567,2567,690,46555,2,1
Table-2-for-year-2021-22.pdf,2021-22,101,Electric motors (including Insulated wire & cable) Nos.,,,2344,2257,1906,1844,1805,1780,1763,1754,1837,1886,1819,1837,22832,2,1
Table-2-for-year-2021-22.pdf,2021-22,102,Electric tubes,`000' Metre,,0,0,0,0,0,0,0,0,0,0,0,0,0,2,1
Table-2-for-year-2021-22.pdf,2021-22,103,Storagae batteries,Nos.,,12055,12065,12136,10036,12550,14326,14339,15056,12798,14718,16926,19465,166470,2,1
Table-2-for-year-2021-22.pdf,2021-22,104,Generating sets,Nos.,,0,0,0,0,11,0,0,0,0,0,0,0,11,2,1
Table-2-for-year-2021-22.pdf,2021-22,105,Tractors,Nos,,4609,4675,3282,4904,4608,4913,5640,4484,4803,5492,4362,7150,58922,2,1
Table-2-for-year-2021-22.pdf,2021-22,106,Heavy machinery & equipment,MT,,64,50,82,22,21,17,49,35,42,44,47,31,504,2,1
Table-2-for-year-2021-22.pdf,2021-22,107,Sewing machines,Nos.,,1734,1739,1540,1634,1622,1430,1035,1006,902,810,712,547,14711,2,1
Table-2-for-year-2021-22.pdf,2021-22,108,Power looms,Nos.,,37,38,39,40,38,40,38,39,40,41,40,38,468,2,1
Table-2-for-year-2021-22.pdf,2021-22,111,Sugarcane machines,Nos.,,5,6,5,7,7,8,10,9,9,6,6,5,83,2,1
Table-2-for-year-2021-22.pdf,2021-22,112,Wheat thrashers,Nos.,,15,8,2,1,2,9,28,45,88,5,0,1,204,2,1
Table-2-for-year-2021-22.pdf,2021-22,113,Chaff cutters,Nos.,,951,836,910,880,832,843,752,826,680,771,660,779,9720,2,1
Table-2-for-year-2021-22.pdf,2021-22,114-115,Jeeps & Cars,Nos,,18477,20548,22371,19089,21065,25805,22579,22180,26855,22776,22995,27183,271923,2,1
Table-2-for-year-2021-22.pdf,2021-22,114,Jeeps,Nos,,1940,2479,2824,2465,3309,2714,3295,3107,3378,3443,3490,4432,36876,2,1
Table-2-for-year-2021-22.pdf,2021-22,115,Cars,Nos,,16537,18069,19547,16624,17756,23091,19284,19073,23477,19333,19505,22751,235047,2,1
Table-2-for-year-2021-22.pdf,2021-22,116,L.C.V.'s,Nos,,3402,4579,4419,5022,4699,4308,3999,3517,4800,3187,3744,5155,50831,2,1
Table-2-for-year-2021-22.pdf,2021-22,117,Trucks,Nos,,499,597,767,658,557,561,794,673,502,523,518,573,7222,2,1
Table-2-for-year-2021-22.pdf,2021-22,118,Buses,Nos,,57,49,40,48,50,55,83,48,84,60,60,78,712,2,1
Table-2-for-year-2021-22.pdf,2021-22,119,Diesel engines,Nos.,,118,126,129,132,130,132,131,133,140,320,220,230,1941,2,1
Table-2-for-year-2021-22.pdf,2021-22,120,Motor cycles,Nos,,186463,189831,199699,212301,197029,163106,172544,160227,185174,175710,174567,173693,2190344,2,1
Table-2-for-year-2021-22.pdf,2021-22,121,Bicycles,Nos.,,10400,10700,11000,11402,11490,11700,12019,12129,12402,12304,12700,12990,141236,2,1
Table-2-for-year-2021-22.pdf,2021-22,122,Furniture,TH.NO,,48,95,94,74,110,34,129,126,123,113,110,45,1101,2,1
Table-2-for-year-2021-22.pdf,2021-22,123,Foot balls,TH.NO,,226,218,257,249,243,291,269,411,372,377,330,400,3643,2,1
Table-2-for-year-2021-22.pdf,2021-22,,Quantity,,,-21,-21,-21,-21,-21,-21,-22,-22,-22,-22,-22,-22,,2,2
Table-2-for-year-2021-22.pdf,2021-22,78,Cycle tyres,`000' Nos.,,300,304,308,314,319,310,320,323,331,335,339,343,3846,2,2
Table-2-for-year-2021-22.pdf,2021-22,79,Cycle tubes,`000' Nos.,,557,564,571,573,577,570,580,586,603,610,616,623,7030,2,2
Table-2-for-year-2021-22.pdf,2021-22,80,Motor tyres,`000' Nos.,,646,672,701,660,697,605,640,648,669,649,618,698,7906,2,2
Table-2-for-year-2021-22.pdf,2021-22,81,Motor tubes,`000' Nos.,,1858,1862,1875,1869,1845,1846,1868,1859,1910,1853,1878,1867,22391,2,2
Table-2-for-year-2021-22.pdf,2021-22,82,Glass plates & sheets,000 Sq M,,925,1037,1816,1776,2071,2158,2034,1756,2246,2166,2782,1502,22269,2,2
Table-2-for-year-2021-22.pdf,2021-22,83,Cement,000 MT,,3689,3765,4014,4483,4311,4087,3505,4084,4605,3361,3236,4871,48011,2,2
Table-2-for-year-2021-22.pdf,2021-22,84,Pig iron,MT,,0,0,0,0,0,0,0,0,0,0,0,0,0,2,2
Table-2-for-year-2021-22.pdf,2021-22,85,Billets/Ingots,MT,,387000,421000,576000,583000,581000,560000,550000,545000,530000,540000,530000,555000,6358000,2,2
Table-2-for-year-2021-22.pdf,2021-22,86-88,H/C.R.Sheets/Strips/Coils/plates etc,MT,,284500,285000,290000,292000,295000,296500,297000,299000,300000,300200,300500,300800,3540500,2,2
Table-2-for-year-2021-22.pdf,2021-22,89,Metal drums,MT,,64,50,82,22,21,17,49,35,42,44,47,34,507,2,2
Table-2-for-year-2021-22.pdf,2021-22,90-91,Safety razer blades and Cutlery,`000' Nos.,,142703,144563,129007,164217,166217,153874,128156,134021,152974,156077,149392,150324,1771525,2,2
Table-2-for-year-2021-22.pdf,2021-22,92,T.V. sets,Nos.,,16500,17000,17200,17500,18500,18000,18721,18914,18212,18010,19410,19202,217169,2,2
Table-2-for-year-2021-22.pdf,2021-22,93,Refrigerators,Nos.,,167064,142053,143022,116509,111511,60727,76527,98051,112483,118141,118578,123891,1388557,2,2
Table-2-for-year-2021-22.pdf,2021-22,94,Electric transformers,Nos.,,1910,1880,2085,2200,2288,2823,3013,3624,3901,3719,3590,3800,34833,2,2
Table-2-for-year-2021-22.pdf,2021-22,95,Deepfreezers,Nos.,,18748,14192,11221,5974,4904,4425,6353,7556,13697,16167,16881,17740,137858,2,2
Table-2-for-year-2021-22.pdf,2021-22,96,Switch gears,Nos.,,788,799,1166,818,1182,1269,1309,1319,1418,1134,1016,1140,13358,2,2
Table-2-for-year-2021-22.pdf,2021-22,97,Electric fans,Nos.,,290116,265414,214096,201040,175414,165902,165902,167449,199415,221120,255147,279413,2600428,2,2
Table-2-for-year-2021-22.pdf,2021-22,98,Electric meters,Nos.,,150393,127947,88426,92664,199202,189705,199914,218402,204892,196078,180378,182000,2030001,2,2
Table-2-for-year-2021-22.pdf,2021-22,99,Airconditioners,Nos.,,93455,78069,59377,23732,21446,18732,18162,37760,49600,64951,66979,76108,608371,2,2
Table-2-for-year-2021-22.pdf,2021-22,100,Electric bulbs,`000' Nos.,,2235,2449,2349,2845,7519,7368,6940,6359,2667,2567,2567,690,46555,2,2
Table-2-for-year-2021-22.pdf,2021-22,101,Electric motors (including Insulated wire & cable) Nos.,,,2344,2257,1906,1844,1805,1780,1763,1754,1837,1886,1819,1837,22832,2,2
Table-2-for-year-2021-22.pdf,2021-22,102,Electric tubes,`000' Metre,,0,0,0,0,0,0,0,0,0,0,0,0,0,2,2
Table-2-for-year-2021-22.pdf,2021-22,103,Storagae batteries,Nos.,,12055,12065,12136,10036,12550,14326,14339,15056,12798,14718,16926,19465,166470,2,2
Table-2-for-year-2021-22.pdf,2021-22,104,Generating sets,Nos.,,0,0,0,0,11,0,0,0,0,0,0,0,11,2,2
Table-2-for-year-2021-22.pdf,2021-22,105,Tractors,Nos,,4609,4675,3282,4904,4608,4913,5640,4484,4803,5492,4362,7150,58922,2,2
Table-2-for-year-2021-22.pdf,2021-22,106,Heavy machinery & equipment,MT,,64,50,82,22,21,17,49,35,42,44,47,31,504,2,2
Table-2-for-year-2021-22.pdf,2021-22,107,Sewing machines,Nos.,,1734,1739,1540,1634,1622,1430,1035,1006,902,810,712,547,14711,2,2
Table-2-for-year-2021-22.pdf,2021-22,108,Power looms,Nos.,,37,38,39,40,38,40,38,39,40,41,40,38,468,2,2
Table-2-for-year-2021-22.pdf,2021-22,111,Sugarcane machines,Nos.,,5,6,5,7,7,8,10,9,9,6,6,5,83,2,2
Table-2-for-year-2021-22.pdf,2021-22,112,Wheat thrashers,Nos.,,15,8,2,1,2,9,28,45,88,5,0,1,204,2,2
Table-2-for-year-2021-22.pdf,2021-22,113,Chaff cutters,Nos.,,951,836,910,880,832,843,752,826,680,771,660,779,9720,2,2
Table-2-for-year-2021-22.pdf,2021-22,114-115,Jeeps & Cars,Nos,,18477,20548,22371,19089,21065,25805,22579,22180,26855,22776,22995,27183,271923,2,2
Table-2-for-year-2021-22.pdf,2021-22,114,Jeeps,Nos,,1940,2479,2824,2465,3309,2714,3295,3107,3378,3443,3490,4432,36876,2,2
Table-2-for-year-2021-22.pdf,2021-22,115,Cars,Nos,,16537,18069,19547,16624,17756,23091,19284,19073,23477,19333,19505,22751,235047,2,2
Table-2-for-year-2021-22.pdf,2021-22,116,L.C.V.'s,Nos,,3402,4579,4419,5022,4699,4308,3999,3517,4800,3187,3744,5155,50831,2,2
Table-2-for-year-2021-22.pdf,2021-22,117,Trucks,Nos,,499,597,767,658,557,561,794,673,502,523,518,573,7222,2,2
Table-2-for-year-2021-22.pdf,2021-22,118,Buses,Nos,,57,49,40,48,50,55,83,48,84,60,60,78,712,2,2
Table-2-for-year-2021-22.pdf,2021-22,119,Diesel engines,Nos.,,118,126,129,132,130,132,131,133,140,320,220,230,1941,2,2
Table-2-for-year-2021-22.pdf,2021-22,120,Motor cycles,Nos,,186463,189831,199699,212301,197029,163106,172544,160227,185174,175710,174567,173693,2190344,2,2
Table-2-for-year-2021-22.pdf,2021-22,121,Bicycles,Nos.,,10400,10700,11000,11402,11490,11700,12019,12129,12402,12304,12700,12990,141236,2,2
Table-2-for-year-2021-22.pdf,2021-22,122,Furniture,TH.NO,,48,95,94,74,110,34,129,126,123,113,110,45,1101,2,2
Table-2-for-year-2021-22.pdf,2021-22,123,Foot balls,TH.NO,,226,218,257,249,243,291,269,411,372,377,330,400,3643,2,2
Table-2-for-year-2022-23.pdf,2022-23,,Quantity,,,-22,-22,-22,-22,-22,-22,-23,-23,-23,-23,-23,-23,,1,1
Table-2-for-year-2022-23.pdf,2022-23,3-Jan,"Sugar, Bakery products and Chocolate & sugar confectionery",,,0,0,0,0,186746,1885912,2185969,1848163,539647,8175,45651,8334,6708597,1,1
Table-2-for-year-2022-23.pdf,2022-23,2,Bakery products,MT,,0,0,0,0,0,0,0,0,0,0,0,0,0,1,1
Table-2-for-year-2022-23.pdf,2022-23,3,Chocolate & sugar,MT,,0,0,0,0,0,0,0,0,0,0,0,0,0,1,1
Table-2-for-year-2022-23.pdf,2022-23,4,Cooking oil,MT,,41278,39637,39210,43268,42787,45857,49029,49445,55479,51354,55107,54520,566971,1,1
Table-2-for-year-2022-23.pdf,2022-23,5,Vegetable ghee,000 L,,120806,114168,121125,124665,127854,134267,139975,144425,136659,127918,134865,130651,1557378,1,1
Table-2-for-year-2022-23.pdf,2022-23,7-Jun,Wheat & Rice Milling,MT,,776407,799995,846948,856693,858997,824736,826453,804714,820134,817788,807131,794366,9834362,1,1
Table-2-for-year-2022-23.pdf,2022-23,9-Aug,Starch & its products,MT,,35844,36562,35397,35839,37095,36104,36065,36189,36213,36275,37205,36708,435496,1,1
Table-2-for-year-2022-23.pdf,2022-23,8,Starch,MT,,21772,22522,21557,21533,22455,21544,21454,21565,21569,21605,22504,21893,261973,1,1
Table-2-for-year-2022-23.pdf,2022-23,9,Glucose,MT,,14072,14040,13840,14306,14640,14560,14611,14624,14644,14670,14701,14815,173523,1,1
Table-2-for-year-2022-23.pdf,2022-23,10,Tea blended,MT,,6803,9109,10903,10832,12566,12469,12598,8843,12128,10272,9888,9328,125739,1,1
Table-2-for-year-2022-23.pdf,2022-23,12-Nov,Soft drinks and Mineral waters,000 Litres,,364420,270025,245806,235373,185944,153060.3,172294.3,236597.3,282955.3,308852.3,305644.3,296662.3,3057634.1,1,1
Table-2-for-year-2022-23.pdf,2022-23,13-15,"Juices, syrups & squashes",000 L,,36680,30429,27580,29927,19333,18498,24032,33805,38114,35092,36098,31143,360731,1,1
Table-2-for-year-2022-23.pdf,2022-23,13,Fruit Juices,000 L,,29496,25419,23627,23480,13092,11753,15117,22998,24550,24020,26919,23149,263620,1,1
Table-2-for-year-2022-23.pdf,2022-23,14,Syrups & squashes,000 L,,7184,5010,3953,6447,6241,6745,8915,10807,13564,11072,9179,7994,97111,1,1
Table-2-for-year-2022-23.pdf,2022-23,15,Preserved Milk,000 L,,0,0,0,0,0,0,0,0,0,0,0,0,0,1,1
Table-2-for-year-2022-23.pdf,2022-23,16,Liquors,000 L,,79.5,79.5,79.5,79.5,79.5,79.5,79.5,79.5,79.5,79.5,79.5,79.5,953.7,1,1
Table-2-for-year-2022-23.pdf,2022-23,17,Cigarettes,Mil. Nos.,,1021,4308,5075,4645,4341,3977,4908,4171,2662,1898,3235,2525,42766,1,1
Table-2-for-year-2022-23.pdf,2022-23,18-19,Yarn,MT,,288115,288085,288020,210150,207600,201380,201850,201800,201900,201920,201950,201990,2694760,1,1
Table-2-for-year-2022-23.pdf,2022-23,20-21,Cloth,000 Sq M,,87625,87570,87600,77100,75500,72100,72150,72125,72150,72180,72200,72250,920550,1,1
Table-2-for-year-2022-23.pdf,2022-23,22-24,JUTE GOODS (TOTAL),MT,,4098,5001,5518,5327,4977,5106,5594,5783,6662,5435,5489,4384,63374,1,1
Table-2-for-year-2022-23.pdf,2022-23,22,Hessian,MT,,886,1105,1222,1186,1162,1155,939,756,834,553,646,863,11307,1,1
Table-2-for-year-2022-23.pdf,2022-23,23,Sacking,MT,,2914,3539,3933,3569,3449,3649,4375,4731,5556,4621,4555,3344,48235,1,1
Table-2-for-year-2022-23.pdf,2022-23,24,Others,MT,,298,357,363,572,366,302,280,296,272,261,288,177,3832,1,1
Table-2-for-year-2022-23.pdf,2022-23,25,Terry towels & Bath robes,MT,,14424,13549,16264,15137,18472,16326,17962,16191,16575,16143,16987,18398,196428,1,1
Table-2-for-year-2022-23.pdf,2022-23,26,Woollen & carpet yarn,MT,,1615,1537,642,1538,1400,1554,1692,1358,1565,1359,1526,1661,17447,1,1
Table-2-for-year-2022-23.pdf,2022-23,27,Woolen & worsted cloth,000 Sq M,,129,107,114,171,171,162,142,123,119,20,72,78,1408,1,1
Table-2-for-year-2022-23.pdf,2022-23,28,Knitting wool,MT,,0,0,0,0,0,0,0,0,0,0,0,0,0,1,1
Table-2-for-year-2022-23.pdf,2022-23,29,Woolen blankets,Nos,,1285,3224,6212,2567,2604,4848,8421,8242,1374,0,985,3199,42961,1,1
Table-2-for-year-2022-23.pdf,2022-23,30,Garments,000' Dozen,,5369,5845,5012,4750,5741,5114,5014,5744,6514,6500,7014,8154,70771,1,1
Table-2-for-year-2022-23.pdf,2022-23,31,Upper leather,000 Sq M,,1280,1228,1256,1189,1202,1083,1099,1020,1074,1066,1096,1049,13642,1,1
Table-2-for-year-2022-23.pdf,2022-23,32,Sole leather,,,16,16,16,16,16,16,16,16,16,16,16,16,192,1,1
Table-2-for-year-2022-23.pdf,2022-23,33,Footwear,,,2695,2601,2509,2691,2669,2656,2648,2655,2659,2653,2760,2815,32011,1,1
Table-2-for-year-2022-23.pdf,2022-23,34,Plywood,000 Sq Ft,,560,593,629,515,484,500,508,515,520,526,530,543,6423,1,1
Table-2-for-year-2022-23.pdf,2022-23,35,Chip Board,MT,,0,0,0,0,0,0,0,0,0,0,0,0,0,1,1
Table-2-for-year-2022-23.pdf,2022-23,36-39,Paper,,,27322,29337,29749,28554,31904,32724,32355,31252,27529,26159,28500,28308,353693,1,1
Table-2-for-year-2022-23.pdf,2022-23,,Paper Board,,,39077,38967,40112,37273,37948,40670,34604,35382,39340,28264,40031,26342,438010,1,1
Table-2-for-year-2022-23.pdf,2022-23,40,Corrugated paper/,,,0,0,0,0,0,0,0,0,0,0,0,0,0,1,1
Table-2-for-year-2022-23.pdf,2022-23,41,Coke,MT,,0,0,0,0,0,0,0,0,0,0,0,0,0,1,1
Table-2-for-year-2022-23.pdf,2022-23,42-52,Petroleum Products,000 L,,93.1,73.2,79.2,97.7,98.6,89.5,94,89.3,91.9,78.2,83.3,73.5,86.8,1,1
Table-2-for-year-2022-23.pdf,2022-23,42,Jet fuel oil,000 L,,70791.5,79397.7,71500,74132.8,75342.9,77857.3,75114,67608.6,85540.1,74931,63720.1,51637.4,867573.5,1,1
Table-2-for-year-2022-23.pdf,2022-23,43,Kerosene oil,000 L,,9187,9488.9,8485.6,6221.5,5451.6,7464.5,9633.5,8786.2,9879.6,11227.9,15412.3,12335.2,113573.8,1,1
Table-2-for-year-2022-23.pdf,2022-23,44,Motor spirits,000 L,,278788.5,228556.9,242044.9,288697.1,274118.1,243348.3,254384.7,262136.1,270088.2,236137.7,247837.6,224441.8,3050579.9,1,1
Table-2-for-year-2022-23.pdf,2022-23,45,High speed diesel,000 L,,432139.2,287187,351501.3,455590.3,475033.7,399279.4,410196,402528.4,396635.1,333715.3,377987.5,333281.5,4655074.7,1,1
Table-2-for-year-2022-23.pdf,2022-23,46,Diesel oil n.o.s.,000 L,,825.1,2682.5,563.9,2593.9,636.4,1948.3,283.1,431.6,2446.6,969,642.1,1428.1,15450.6,1,1
Table-2-for-year-2022-23.pdf,2022-23,47,Furnace oil,000 L,,214098.4,166193.4,168382.8,208387.2,204750.2,200163.5,211554.1,184854.6,174824.2,152036.8,165547.5,140214.6,2191007.4,1,1
Table-2-for-year-2022-23.pdf,2022-23,48,Lubricating oil,000 L,,14605.7,13290.7,13495.2,14899.8,11464.3,22264.4,11614.3,10810.8,15303.8,11636.8,12420.9,12422.5,164229.2,1,1
Table-2-for-year-2022-23.pdf,2022-23,49,Jute batching oil,000 L,,164.2,230.1,281.5,181,15.6,385.4,215.6,144.1,343,223.4,327.3,128.5,2640,1,1
Table-2-for-year-2022-23.pdf,2022-23,50,Solvant Naptha,000 L,,20219.6,18526.7,15932.5,26726.7,39579.8,29301.1,54649,39035.9,36991,27765.1,26277.7,11706.4,346711.5,1,1
Table-2-for-year-2022-23.pdf,2022-23,51,LPG,000 L,,71343,63634.1,62986.4,69930,69474.9,70108,69353.8,68113.4,72128.3,64362.6,59283.3,68179.4,808897.4,1,1
Table-2-for-year-2022-23.pdf,2022-23,52,Petroleum prods: n.o.s.,000 L,,18614.5,19474.3,24058.6,31926.6,26618.7,23892.6,25956.6,24586.3,31296,23159.9,30386.3,29553.1,309523.3,1,1
Table-2-for-year-2022-23.pdf,2022-23,53-64,Chemicals Products,,,129.4,115.8,113,111.6,117,111.1,109.7,115,121.2,117.4,117.3,114.4,116.1,1,1
Table-2-for-year-2022-23.pdf,2022-23,53,Caustic soda,MT,,37877,39225,37619,36553,37376,34039,34458,41997,47029,45862,42575,41058,475668,1,1
Table-2-for-year-2022-23.pdf,2022-23,54,Toilet soaps,MT,,7617,7192,6841,6790,6727,5865,5815,6752,7006,6562,5782,6135,79084,1,1
Table-2-for-year-2022-23.pdf,2022-23,55,Soaps & detergents,MT,,48660,49629,50844,50238,51368,47625,51600,49299,54980,48580,53380,47980,604183,1,1
Table-2-for-year-2022-23.pdf,2022-23,56,Paints & varnishes(L),`000' Litres,,2723,2729,2730,2764,2771,2764,2778,2782,2786,2788,2801,2799,33215,1,1
Table-2-for-year-2022-23.pdf,2022-23,57,Paints & varnishes(S),Tonnes,,7654,7433,7067,7246,7191,7146,7171,7303,7034,6735,7255,7220,86455,1,1
Table-2-for-year-2022-23.pdf,2022-23,58,Soda ash,MT,,59100,59881,58710,61515,62043,62116,56707,58637,68625,64565,69383,55376,736658,1,1
Table-2-for-year-2022-23.pdf,2022-23,59,Sulphuric acid,MT,,10376,5041,5069,5138,6333,6545,5739,5122,4740,5561,5986,5839,71489,1,1
Table-2-for-year-2022-23.pdf,2022-23,60,Synthetic fibres,MT,,43680,44490,46074,40452,42824,42375,42650,42661,42670,42685,42731,43722,517014,1,1
Table-2-for-year-2022-23.pdf,2022-23,61,Matches,Mil. Boxes,,623,641,691,746,841,847,852,882,840,833,847,819,9462,1,1
Table-2-for-year-2022-23.pdf,2022-23,62,Hydrochloric acid,MT,,42500,47834,43577,34544,43842,42335,39199,41174,49055,46015,47102,47902,525079,1,1
Table-2-for-year-2022-23.pdf,2022-23,63,Polishes & creams,Kgs.,,80284.9,94592.5,52622.8,78104.2,81128.1,81938.9,72800.6,64354.8,125225.3,118072.1,83127.6,124297.5,1056549.4,1,1
Table-2-for-year-2022-23.pdf,2022-23,64,Chlorine,MT,,1592,1704,1566,1667,1839,1900,1702,1738,1742,1698,1702,1692,20542,1,1
Table-2-for-year-2022-23.pdf,2022-23,65-71,Fertilizers,,,95.2,115,112.7,105.2,98.5,114,91.1,82.6,97.5,117.7,105.2,104.7,103.3,1,1
Table-2-for-year-2022-23.pdf,2022-23,65-67,Phos. fertilizers,NT,,69116,68590,66450,71590,62242,40355,15708,16687,35397,55441,64006,50339,615921,1,1
Table-2-for-year-2022-23.pdf,2022-23,68-71,Nit. fertilizers,NT,,228530,285765,280770,255546,242512,301832,252157,226969,257364,302547,260793,268240,3163025,1,1
Table-2-for-year-2022-23.pdf,2022-23,,Quantity,,,-22,-22,-22,-22,-22,-22,-23,-23,-23,-23,-23,-23,,2,1
Table-2-for-year-2022-23.pdf,2022-23,73,Liquids/syrups,`000' Litres,,8026,9250,10334,10580,10942,11478,12495,13155,15688,16720,17564,17056,153288,2,1
Table-2-for-year-2022-23.pdf,2022-23,74,Injections,`000' Nos.,,78194,79027,78317,79042,78851,77055,75638,77343,78987,78492,79256,77172,937374,2,1
Table-2-for-year-2022-23.pdf,2022-23,75,Capsules,`000' Nos.,,233826,228856,231125,236314,244492,241893,220227,223788,221592,218192,224479,228910,2753694,2,1
Table-2-for-year-2022-23.pdf,2022-23,76,Galenicals (tincture),`000' Litres,,4,3,5,5,3,1,2,2,5,3,3,2,38,2,1
Table-2-for-year-2022-23.pdf,2022-23,77,Ointments,`000' Kgs.,,305.6,271.7,279.4,279.2,286.4,341.1,301.4,307.3,274.3,265.7,258,210.7,3380.9,2,1
Table-2-for-year-2022-23.pdf,2022-23,78,Cycle tyres,`000' Nos.,,332,336,333,334,329,325,321,320,325,336,341,342,3974,2,1
Table-2-for-year-2022-23.pdf,2022-23,79,Cycle tubes,`000' Nos.,,603,611,617,609,601,595,593,580,587,442,444,446,6728,2,1
Table-2-for-year-2022-23.pdf,2022-23,80,Motor tyres,`000' Nos.,,630.5,636.8,599.5,558.3,629.8,606.9,587.7,606.5,581.1,721.9,746.6,681.1,7586.8,2,1
Table-2-for-year-2022-23.pdf,2022-23,81,Motor tubes,`000' Nos.,,1877.5,1904,1903,1898.2,1898.2,1929,1925.9,1903,1915.3,1923.6,1934.7,1915.3,22927.5,2,1
Table-2-for-year-2022-23.pdf,2022-23,82,Glass plates & sheets,000 Sq M,,1853,3158,1877,1677,1621,1934,1822,2089,1804,1532,2069,1323,22759,2,1
Table-2-for-year-2022-23.pdf,2022-23,83,Cement,000 MT,,2145,3025,3955,4013,3788,3743,3560,3948,3641,2562,3426,3642,41448,2,1
Table-2-for-year-2022-23.pdf,2022-23,84,Pig iron,MT,,0,0,0,0,0,0,0,0,0,0,0,0,0,2,1
Table-2-for-year-2022-23.pdf,2022-23,85,Billets/Ingots,MT,,495000,500000,450000,440000,442000,436000,420000,415000,460000,400000,450000,430000,5338000,2,1
Table-2-for-year-2022-23.pdf,2022-23,86-88,H/C.R.Sheets/Strips/Coils/plates etcMT,,,301000,301200,301300,301700,301700,301200,301000,300800,300600,300900,301000,301200,3613600,2,1
Table-2-for-year-2022-23.pdf,2022-23,89,Metal drums,MT,,35,34,37,39,37,26,17,16,18,16,15,12,302,2,1
Table-2-for-year-2022-23.pdf,2022-23,90-91,Safety razer blades and Cutlery,`000' Nos.,,127345,130978,112019,124512,130750,148836,134032,138731,128451,125233,131876,127774,1560537,2,1
Table-2-for-year-2022-23.pdf,2022-23,92,T.V. sets,Nos.,,16158,15622,14039,13010,12987,11917,11510,11402,11332,11202,11103,11002,151284,2,1
Table-2-for-year-2022-23.pdf,2022-23,93,Refrigerators,Nos.,,101879,90098,81742,76368,67577,72247,70182,76479,87296,78361,87085,118526,1007840,2,1
Table-2-for-year-2022-23.pdf,2022-23,94,Electric transformers,Nos.,,3368,3631,3817,3766,3297,1783,1801,1900,2202,1900,2109,2202,31776,2,1
Table-2-for-year-2022-23.pdf,2022-23,95,Deepfreezers,Nos.,,15661,15281,11773,8734,7596,6747,5443,5487,7167,6539,7409,9287,107124,2,1
Table-2-for-year-2022-23.pdf,2022-23,96,Switch gears,Nos.,,932,1058,920,934,1156,987,807,711,790,904,947,957,11103,2,1
Table-2-for-year-2022-23.pdf,2022-23,97,Electric fans,Nos.,,261144,211119,174917,160121,149299,147102,142010,158917,168992,182919,199906,225116,2181562,2,1
Table-2-for-year-2022-23.pdf,2022-23,98,Electric meters,Nos.,,172920,182837,184414,180014,166360,178275,160999,161215,163090,159494,160209,168417,2038244,2,1
Table-2-for-year-2022-23.pdf,2022-23,99,Airconditioners,Nos.,,56376,33386,30605,22714,19329,19926,18538,21079,23401,25668,33025,43186,347233,2,1
Table-2-for-year-2022-23.pdf,2022-23,100,Electric bulbs,`000' Nos.,,935,805,1322,654,581,129,697,1482,695,8483,8483,1610,25876,2,1
Table-2-for-year-2022-23.pdf,2022-23,101,Electric motors (including Insulated wire & cable),,,1802,1757,1621,1617,1571,1562,1502,1490,1481,1470,1454,1429,18756,2,1
Table-2-for-year-2022-23.pdf,2022-23,102,Electric tubes,`000' Metre,,0,0,0,0,0,0,0,0,0,0,0,0,0,2,1
Table-2-for-year-2022-23.pdf,2022-23,103,Storagae batteries,Nos.,,16545,12416,11856,11760,10558,11845,11608,11648,11480,12619,14534,14650,151519,2,1
Table-2-for-year-2022-23.pdf,2022-23,104,Generating sets,Nos.,,0,0,0,0,0,0,0,0,0,0,0,0,0,2,1
Table-2-for-year-2022-23.pdf,2022-23,105,Tractors,Nos,,2648,3178,2204,3063,1970,1108,1555,3382,3589,2926,3726,2403,31752,2,1
Table-2-for-year-2022-23.pdf,2022-23,106,Heavy machinery & equipment,MT,,35,34,37,39,37,26,17,16,18,16,15,12,302,2,1
Table-2-for-year-2022-23.pdf,2022-23,107,Sewing machines,Nos.,,394,415,382,344,363,332,324,316,298,295,277,270,4010,2,1
Table-2-for-year-2022-23.pdf,2022-23,108,Power looms,Nos.,,39,38,36,40,43,46,50,52,51,53,51,53,552,2,1
Table-2-for-year-2022-23.pdf,2022-23,109-110,Bobbins & Shuttles,000 Nos.,,4,4,4,4,4,4,4,4,4,4,4,3,47,2,1
Table-2-for-year-2022-23.pdf,2022-23,111,Sugarcane machines,Nos.,,4,4,4,5,1,4,4,3,4,3,2,2,40,2,1
Table-2-for-year-2022-23.pdf,2022-23,112,Wheat thrashers,Nos.,,0,3,3,0,0,0,19,34,79,68,65,60,331,2,1
Table-2-for-year-2022-23.pdf,2022-23,113,Chaff cutters,Nos.,,760,784,798,678,626,632,645,660,665,672,666,660,8246,2,1
Table-2-for-year-2022-23.pdf,2022-23,114-115,Jeeps & Cars,Nos,,17127,13958,10083,12944,17062,16461,8666,7734,8371,5325,6891,7356,131978,2,1
Table-2-for-year-2022-23.pdf,2022-23,114,Jeeps,Nos,,2542,3961,2983,2076,1916,2787,3124,3200,2141,1476,1582,1920,29708,2,1
Table-2-for-year-2022-23.pdf,2022-23,115,Cars,Nos,,14585,9997,7100,10868,15146,13674,5542,4534,6230,3849,5309,5436,102270,2,1
Table-2-for-year-2022-23.pdf,2022-23,116,L.C.V.'s,Nos,,2975,2745,1943,2110,2237,1472,2602,1443,1504,1214,1259,1151,22655,2,1
Table-2-for-year-2022-23.pdf,2022-23,117,Trucks,Nos,,341,341,443,420,385,413,324,334,309,169,346,266,4091,2,1
Table-2-for-year-2022-23.pdf,2022-23,118,Buses,Nos,,76,103,73,89,71,47,70,53,46,43,41,36,748,2,1
Table-2-for-year-2022-23.pdf,2022-23,119,Diesel engines,Nos.,,220,210,217,199,190,172,161,158,155,152,148,145,2127,2,1
Table-2-for-year-2022-23.pdf,2022-23,120,Motor cycles,Nos,,104141,114294,109065,126580,118395,114076,120767,110562,92886,82353,109239,86528,1288886,2,1
Table-2-for-year-2022-23.pdf,2022-23,121,Bicycles,Nos.,,13007,13000,12519,12409,12301,12102,11799,11687,11809,11915,11902,12004,146454,2,1
Table-2-for-year-2022-23.pdf,2022-23,122,Furniture,TH.NO,,166,226,145,152,150,96,80,110,110,95,70,92,1492,2,1
Table-2-for-year-2022-23.pdf,2022-23,123,Foot balls,TH.NO,,317,362,436,412,378,350,344,340,480,390,450,440,4699,2,1
Table-2-for-year-2022-23.pdf,2022-23,,Quantity,,,-22,-22,-22,-22,-22,-22,-23,-23,-23,-23,-23,-23,,2,2
Table-2-for-year-2022-23.pdf,2022-23,73,Liquids/syrups,`000' Litres,,8026,9250,10334,10580,10942,11478,12495,13155,15688,16720,17564,17056,153288,2,2
Table-2-for-year-2022-23.pdf,2022-23,74,Injections,`000' Nos.,,78194,79027,78317,79042,78851,77055,75638,77343,78987,78492,79256,77172,937374,2,2
Table-2-for-year-2022-23.pdf,2022-23,75,Capsules,`000' Nos.,,233826,228856,231125,236314,244492,241893,220227,223788,221592,218192,224479,228910,2753694,2,2
Table-2-for-year-2022-23.pdf,2022-23,76,Galenicals (tincture),`000' Litres,,4,3,5,5,3,1,2,2,5,3,3,2,38,2,2
Table-2-for-year-2022-23.pdf,2022-23,77,Ointments,`000' Kgs.,,305.6,271.7,279.4,279.2,286.4,341.1,301.4,307.3,274.3,265.7,258,210.7,3380.9,2,2
Table-2-for-year-2022-23.pdf,2022-23,78,Cycle tyres,`000' Nos.,,332,336,333,334,329,325,321,320,325,336,341,342,3974,2,2
Table-2-for-year-2022-23.pdf,2022-23,79,Cycle tubes,`000' Nos.,,603,611,617,609,601,595,593,580,587,442,444,446,6728,2,2
Table-2-for-year-2022-23.pdf,2022-23,80,Motor tyres,`000' Nos.,,630.5,636.8,599.5,558.3,629.8,606.9,587.7,606.5,581.1,721.9,746.6,681.1,7586.8,2,2
Table-2-for-year-2022-23.pdf,2022-23,81,Motor tubes,`000' Nos.,,1877.5,1904,1903,1898.2,1898.2,1929,1925.9,1903,1915.3,1923.6,1934.7,1915.3,22927.5,2,2
Table-2-for-year-2022-23.pdf,2022-23,82,Glass plates & sheets,000 Sq M,,1853,3158,1877,1677,1621,1934,1822,2089,1804,1532,2069,1323,22759,2,2
Table-2-for-year-2022-23.pdf,2022-23,83,Cement,000 MT,,2145,3025,3955,4013,3788,3743,3560,3948,3641,2562,3426,3642,41448,2,2
Table-2-for-year-2022-23.pdf,2022-23,84,Pig iron,MT,,0,0,0,0,0,0,0,0,0,0,0,0,0,2,2
Table-2-for-year-2022-23.pdf,2022-23,85,Billets/Ingots,MT,,495000,500000,450000,440000,442000,436000,420000,415000,460000,400000,450000,430000,5338000,2,2
Table-2-for-year-2022-23.pdf,2022-23,86-88,H/C.R.Sheets/Strips/Coils/plates etcMT,,,301000,301200,301300,301700,301700,301200,301000,300800,300600,300900,301000,301200,3613600,2,2
Table-2-for-year-2022-23.pdf,2022-23,89,Metal drums,MT,,35,34,37,39,37,26,17,16,18,16,15,12,302,2,2
Table-2-for-year-2022-23.pdf,2022-23,90-91,Safety razer blades and Cutlery,`000' Nos.,,127345,130978,112019,124512,130750,148836,134032,138731,128451,125233,131876,127774,1560537,2,2
Table-2-for-year-2022-23.pdf,2022-23,92,T.V. sets,Nos.,,16158,15622,14039,13010,12987,11917,11510,11402,11332,11202,11103,11002,151284,2,2
Table-2-for-year-2022-23.pdf,2022-23,93,Refrigerators,Nos.,,101879,90098,81742,76368,67577,72247,70182,76479,87296,78361,87085,118526,1007840,2,2
Table-2-for-year-2022-23.pdf,2022-23,94,Electric transformers,Nos.,,3368,3631,3817,3766,3297,1783,1801,1900,2202,1900,2109,2202,31776,2,2
Table-2-for-year-2022-23.pdf,2022-23,95,Deepfreezers,Nos.,,15661,15281,11773,8734,7596,6747,5443,5487,7167,6539,7409,9287,107124,2,2
Table-2-for-year-2022-23.pdf,2022-23,96,Switch gears,Nos.,,932,1058,920,934,1156,987,807,711,790,904,947,957,11103,2,2
Table-2-for-year-2022-23.pdf,2022-23,97,Electric fans,Nos.,,261144,211119,174917,160121,149299,147102,142010,158917,168992,182919,199906,225116,2181562,2,2
Table-2-for-year-2022-23.pdf,2022-23,98,Electric meters,Nos.,,172920,182837,184414,180014,166360,178275,160999,161215,163090,159494,160209,168417,2038244,2,2
Table-2-for-year-2022-23.pdf,2022-23,99,Airconditioners,Nos.,,56376,33386,30605,22714,19329,19926,18538,21079,23401,25668,33025,43186,347233,2,2
Table-2-for-year-2022-23.pdf,2022-23,100,Electric bulbs,`000' Nos.,,935,805,1322,654,581,129,697,1482,695,8483,8483,1610,25876,2,2
Table-2-for-year-2022-23.pdf,2022-23,101,Electric motors (including Insulated wire & cable),,,1802,1757,1621,1617,1571,1562,1502,1490,1481,1470,1454,1429,18756,2,2
Table-2-for-year-2022-23.pdf,2022-23,102,Electric tubes,`000' Metre,,0,0,0,0,0,0,0,0,0,0,0,0,0,2,2
Table-2-for-year-2022-23.pdf,2022-23,103,Storagae batteries,Nos.,,16545,12416,11856,11760,10558,11845,11608,11648,11480,12619,14534,14650,151519,2,2
Table-2-for-year-2022-23.pdf,2022-23,104,Generating sets,Nos.,,0,0,0,0,0,0,0,0,0,0,0,0,0,2,2
Table-2-for-year-2022-23.pdf,2022-23,105,Tractors,Nos,,2648,3178,2204,3063,1970,1108,1555,3382,3589,2926,3726,2403,31752,2,2
Table-2-for-year-2022-23.pdf,2022-23,106,Heavy machinery & equipment,MT,,35,34,37,39,37,26,17,16,18,16,15,12,302,2,2
Table-2-for-year-2022-23.pdf,2022-23,107,Sewing machines,Nos.,,394,415,382,344,363,332,324,316,298,295,277,270,4010,2,2
Table-2-for-year-2022-23.pdf,2022-23,108,Power looms,Nos.,,39,38,36,40,43,46,50,52,51,53,51,53,552,2,2
Table-2-for-year-2022-23.pdf,2022-23,109-110,Bobbins & Shuttles,000 Nos.,,4,4,4,4,4,4,4,4,4,4,4,3,47,2,2
Table-2-for-year-2022-23.pdf,2022-23,111,Sugarcane machines,Nos.,,4,4,4,5,1,4,4,3,4,3,2,2,40,2,2
Table-2-for-year-2022-23.pdf,2022-23,112,Wheat thrashers,Nos.,,0,3,3,0,0,0,19,34,79,68,65,60,331,2,2
Table-2-for-year-2022-23.pdf,2022-23,113,Chaff cutters,Nos.,,760,784,798,678,626,632,645,660,665,672,666,660,8246,2,2
Table-2-for-year-2022-23.pdf,2022-23,114-115,Jeeps & Cars,Nos,,17127,13958,10083,12944,17062,16461,8666,7734,8371,5325,6891,7356,131978,2,2
Table-2-for-year-2022-23.pdf,2022-23,114,Jeeps,Nos,,2542,3961,2983,2076,1916,2787,3124,3200,2141,1476,1582,1920,29708,2,2
Table-2-for-year-2022-23.pdf,2022-23,115,Cars,Nos,,14585,9997,7100,10868,15146,13674,5542,4534,6230,3849,5309,5436,102270,2,2
Table-2-for-year-2022-23.pdf,2022-23,116,L.C.V.'s,Nos,,2975,2745,1943,2110,2237,1472,2602,1443,1504,1214,1259,1151,22655,2,2
Table-2-for-year-2022-23.pdf,2022-23,117,Trucks,Nos,,341,341,443,420,385,413,324,334,309,169,346,266,4091,2,2
Table-2-for-year-2022-23.pdf,2022-23,118,Buses,Nos,,76,103,73,89,71,47,70,53,46,43,41,36,748,2,2
Table-2-for-year-2022-23.pdf,2022-23,119,Diesel engines,Nos.,,220,210,217,199,190,172,161,158,155,152,148,145,2127,2,2
Table-2-for-year-2022-23.pdf,2022-23,120,Motor cycles,Nos,,104141,114294,109065,126580,118395,114076,120767,110562,92886,82353,109239,86528,1288886,2,2
Table-2-for-year-2022-23.pdf,2022-23,121,Bicycles,Nos.,,13007,13000,12519,12409,12301,12102,11799,11687,11809,11915,11902,12004,146454,2,2
Table-2-for-year-2022-23.pdf,2022-23,122,Furniture,TH.NO,,166,226,145,152,150,96,80,110,110,95,70,92,1492,2,2
Table-2-for-year-2022-23.pdf,2022-23,123,Foot balls,TH.NO,,317,362,436,412,378,350,344,340,480,390,450,440,4699,2,2
